"CODMUNRES";"NOMEMUN";"nascidos_vivos";"ANO_NASC"
"420005";"Abdon Batista";35;2010
"420010";"Abelardo Luz";264;2010
"420020";"Agrolândia";127;2010
"420030";"Agronômica";59;2010
"420040";"Água Doce";89;2010
"420050";"Águas de Chapecó";96;2010
"420055";"Águas Frias";25;2010
"420060";"Águas Mornas";51;2010
"420070";"Alfredo Wagner";126;2010
"420075";"Alto Bela Vista";17;2010
"420080";"Anchieta";84;2010
"420090";"Angelina";68;2010
"420100";"Anita Garibaldi";106;2010
"420110";"Anitápolis";35;2010
"420120";"Antônio Carlos";105;2010
"420125";"Apiúna";109;2010
"420127";"Arabutã";37;2010
"420130";"Araquari";387;2010
"420140";"Araranguá";886;2010
"420150";"Armazém";104;2010
"420160";"Arroio Trinta";31;2010
"420165";"Arvoredo";31;2010
"420170";"Ascurra";74;2010
"420180";"Atalanta";32;2010
"420190";"Aurora";68;2010
"420195";"Balneário Arroio do Silva";113;2010
"420205";"Balneário Barra do Sul";88;2010
"420200";"Balneário Camboriú";1334;2010
"420207";"Balneário Gaivota";114;2010
"421280";"Balneário Piçarras";250;2010
"422000";"Balneário Rincão";NA;2010
"420208";"Bandeirante";23;2010
"420209";"Barra Bonita";22;2010
"420210";"Barra Velha";325;2010
"420213";"Bela Vista do Toldo";61;2010
"420215";"Belmonte";30;2010
"420220";"Benedito Novo";121;2010
"420230";"Biguaçu";808;2010
"420240";"Blumenau";4066;2010
"420243";"Bocaina do Sul";38;2010
"420250";"Bom Jardim da Serra";50;2010
"420253";"Bom Jesus";33;2010
"420257";"Bom Jesus do Oeste";24;2010
"420260";"Bom Retiro";133;2010
"420245";"Bombinhas";217;2010
"420270";"Botuverá";39;2010
"420280";"Braço do Norte";394;2010
"420285";"Braço do Trombudo";48;2010
"420287";"Brunópolis";29;2010
"420290";"Brusque";1499;2010
"420300";"Caçador";1121;2010
"420310";"Caibi";53;2010
"420315";"Calmon";70;2010
"420320";"Camboriú";1062;2010
"420330";"Campo Alegre";131;2010
"420340";"Campo Belo do Sul";95;2010
"420350";"Campo Erê";130;2010
"420360";"Campos Novos";459;2010
"420370";"Canelinha";121;2010
"420380";"Canoinhas";795;2010
"420325";"Capão Alto";24;2010
"420390";"Capinzal";315;2010
"420395";"Capivari de Baixo";329;2010
"420400";"Catanduvas";136;2010
"420410";"Caxambu do Sul";47;2010
"420415";"Celso Ramos";30;2010
"420417";"Cerro Negro";35;2010
"420419";"Chapadão do Lageado";34;2010
"420420";"Chapecó";2867;2010
"420425";"Cocal do Sul";167;2010
"420430";"Concórdia";965;2010
"420435";"Cordilheira Alta";36;2010
"420440";"Coronel Freitas";88;2010
"420445";"Coronel Martins";20;2010
"420455";"Correia Pinto";188;2010
"420450";"Corupá";192;2010
"420460";"Criciúma";2538;2010
"420470";"Cunha Porã";114;2010
"420475";"Cunhataí";25;2010
"420480";"Curitibanos";627;2010
"420490";"Descanso";83;2010
"420500";"Dionísio Cerqueira";230;2010
"420510";"Dona Emma";52;2010
"420515";"Doutor Pedrinho";28;2010
"420517";"Entre Rios";43;2010
"420519";"Ermo";35;2010
"420520";"Erval Velho";37;2010
"420530";"Faxinal dos Guedes";160;2010
"420535";"Flor do Sertão";18;2010
"420540";"Florianópolis";5298;2010
"420543";"Formosa do Sul";33;2010
"420545";"Forquilhinha";309;2010
"420550";"Fraiburgo";567;2010
"420555";"Frei Rogério";25;2010
"420560";"Galvão";44;2010
"420570";"Garopaba";205;2010
"420580";"Garuva";250;2010
"420590";"Gaspar";743;2010
"420600";"Governador Celso Ramos";148;2010
"420610";"Grão Pará";72;2010
"420620";"Gravatal";123;2010
"420630";"Guabiruba";212;2010
"420640";"Guaraciaba";89;2010
"420650";"Guaramirim";473;2010
"420660";"Guarujá do Sul";66;2010
"420665";"Guatambú";57;2010
"420670";"Herval d'Oeste";269;2010
"420675";"Ibiam";14;2010
"420680";"Ibicaré";30;2010
"420690";"Ibirama";268;2010
"420700";"Içara";830;2010
"420710";"Ilhota";157;2010
"420720";"Imaruí";88;2010
"420730";"Imbituba";450;2010
"420740";"Imbuia";78;2010
"420750";"Indaial";819;2010
"420757";"Iomerê";18;2010
"420760";"Ipira";44;2010
"420765";"Iporã do Oeste";105;2010
"420768";"Ipuaçu";136;2010
"420770";"Ipumirim";88;2010
"420775";"Iraceminha";49;2010
"420780";"Irani";104;2010
"420785";"Irati";23;2010
"420790";"Irineópolis";129;2010
"420800";"Itá";83;2010
"420810";"Itaiópolis";291;2010
"420820";"Itajaí";2729;2010
"420830";"Itapema";624;2010
"420840";"Itapiranga";210;2010
"420845";"Itapoá";167;2010
"420850";"Ituporanga";330;2010
"420860";"Jaborá";34;2010
"420870";"Jacinto Machado";121;2010
"420880";"Jaguaruna";202;2010
"420890";"Jaraguá do Sul";2115;2010
"420895";"Jardinópolis";24;2010
"420900";"Joaçaba";339;2010
"420910";"Joinville";7279;2010
"420915";"José Boiteux";80;2010
"420917";"Jupiá";22;2010
"420920";"Lacerdópolis";20;2010
"420930";"Lages";2310;2010
"420940";"Laguna";589;2010
"420945";"Lajeado Grande";12;2010
"420950";"Laurentino";74;2010
"420960";"Lauro Muller";207;2010
"420970";"Lebon Régis";162;2010
"420980";"Leoberto Leal";47;2010
"420985";"Lindóia do Sul";50;2010
"420990";"Lontras";130;2010
"421000";"Luiz Alves";142;2010
"421003";"Luzerna";56;2010
"421005";"Macieira";26;2010
"421010";"Mafra";751;2010
"421020";"Major Gercino";24;2010
"421030";"Major Vieira";101;2010
"421040";"Maracajá";73;2010
"421050";"Maravilha";275;2010
"421055";"Marema";17;2010
"421060";"Massaranduba";184;2010
"421070";"Matos Costa";43;2010
"421080";"Meleiro";77;2010
"421085";"Mirim Doce";24;2010
"421090";"Modelo";41;2010
"421100";"Mondaí";104;2010
"421105";"Monte Carlo";129;2010
"421110";"Monte Castelo";119;2010
"421120";"Morro da Fumaça";239;2010
"421125";"Morro Grande";33;2010
"421130";"Navegantes";940;2010
"421140";"Nova Erechim";42;2010
"421145";"Nova Itaberaba";48;2010
"421150";"Nova Trento";130;2010
"421160";"Nova Veneza";148;2010
"421165";"Novo Horizonte";32;2010
"421170";"Orleans";254;2010
"421175";"Otacílio Costa";229;2010
"421180";"Ouro";88;2010
"421185";"Ouro Verde";24;2010
"421187";"Paial";23;2010
"421189";"Painel";19;2010
"421190";"Palhoça";2011;2010
"421200";"Palma Sola";113;2010
"421205";"Palmeira";25;2010
"421210";"Palmitos";198;2010
"421220";"Papanduva";248;2010
"421223";"Paraíso";50;2010
"421225";"Passo de Torres";81;2010
"421227";"Passos Maia";76;2010
"421230";"Paulo Lopes";93;2010
"421240";"Pedras Grandes";36;2010
"421250";"Penha";359;2010
"421260";"Peritiba";23;2010
"421265";"Pescaria Brava";NA;2010
"421270";"Petrolândia";78;2010
"421290";"Pinhalzinho";210;2010
"421300";"Pinheiro Preto";30;2010
"421310";"Piratuba";65;2010
"421315";"Planalto Alegre";24;2010
"421320";"Pomerode";349;2010
"421330";"Ponte Alta";72;2010
"421335";"Ponte Alta do Norte";46;2010
"421340";"Ponte Serrada";184;2010
"421350";"Porto Belo";175;2010
"421360";"Porto União";473;2010
"421370";"Pouso Redondo";206;2010
"421380";"Praia Grande";96;2010
"421390";"Presidente Castello Branco";17;2010
"421400";"Presidente Getúlio";185;2010
"421410";"Presidente Nereu";23;2010
"421415";"Princesa";25;2010
"421420";"Quilombo";111;2010
"421430";"Rancho Queimado";31;2010
"421440";"Rio das Antas";51;2010
"421450";"Rio do Campo";82;2010
"421460";"Rio do Oeste";68;2010
"421480";"Rio do Sul";846;2010
"421470";"Rio dos Cedros";119;2010
"421490";"Rio Fortuna";60;2010
"421500";"Rio Negrinho";580;2010
"421505";"Rio Rufino";25;2010
"421507";"Riqueza";43;2010
"421510";"Rodeio";101;2010
"421520";"Romelândia";50;2010
"421530";"Salete";85;2010
"421535";"Saltinho";61;2010
"421540";"Salto Veloso";54;2010
"421545";"Sangão";178;2010
"421550";"Santa Cecília";305;2010
"421555";"Santa Helena";18;2010
"421560";"Santa Rosa de Lima";26;2010
"421565";"Santa Rosa do Sul";94;2010
"421567";"Santa Terezinha";94;2010
"421568";"Santa Terezinha do Progresso";28;2010
"421569";"Santiago do Sul";13;2010
"421570";"Santo Amaro da Imperatriz";231;2010
"421580";"São Bento do Sul";1095;2010
"421575";"São Bernardino";25;2010
"421590";"São Bonifácio";21;2010
"421600";"São Carlos";118;2010
"421605";"São Cristovão do Sul";67;2010
"421610";"São Domingos";123;2010
"421620";"São Francisco do Sul";638;2010
"421630";"São João Batista";415;2010
"421635";"São João do Itaperiú";43;2010
"421625";"São João do Oeste";50;2010
"421640";"São João do Sul";64;2010
"421650";"São Joaquim";382;2010
"421660";"São José";2830;2010
"421670";"São José do Cedro";156;2010
"421680";"São José do Cerrito";71;2010
"421690";"São Lourenço do Oeste";336;2010
"421700";"São Ludgero";143;2010
"421710";"São Martinho";35;2010
"421715";"São Miguel da Boa Vista";14;2010
"421720";"São Miguel do Oeste";455;2010
"421725";"São Pedro de Alcântara";29;2010
"421730";"Saudades";97;2010
"421740";"Schroeder";226;2010
"421750";"Seara";216;2010
"421755";"Serra Alta";31;2010
"421760";"Siderópolis";130;2010
"421770";"Sombrio";402;2010
"421775";"Sul Brasil";29;2010
"421780";"Taió";220;2010
"421790";"Tangará";110;2010
"421795";"Tigrinhos";15;2010
"421800";"Tijucas";479;2010
"421810";"Timbé do Sul";56;2010
"421820";"Timbó";418;2010
"421825";"Timbó Grande";121;2010
"421830";"Três Barras";293;2010
"421835";"Treviso";35;2010
"421840";"Treze de Maio";79;2010
"421850";"Treze Tílias";92;2010
"421860";"Trombudo Central";101;2010
"421870";"Tubarão";1172;2010
"421875";"Tunápolis";46;2010
"421880";"Turvo";139;2010
"421885";"União do Oeste";30;2010
"421890";"Urubici";153;2010
"421895";"Urupema";24;2010
"421900";"Urussanga";192;2010
"421910";"Vargeão";51;2010
"421915";"Vargem";30;2010
"421917";"Vargem Bonita";65;2010
"421920";"Vidal Ramos";80;2010
"421930";"Videira";710;2010
"421935";"Vitor Meireles";82;2010
"421940";"Witmarsum";57;2010
"421950";"Xanxerê";598;2010
"421960";"Xavantina";50;2010
"421970";"Xaxim";401;2010
"421985";"Zortéa";42;2010
"420000";"Município ignorado - SC";NA;2010
"420005";"Abdon Batista";32;2011
"420010";"Abelardo Luz";249;2011
"420020";"Agrolândia";129;2011
"420030";"Agronômica";63;2011
"420040";"Água Doce";89;2011
"420050";"Águas de Chapecó";59;2011
"420055";"Águas Frias";36;2011
"420060";"Águas Mornas";63;2011
"420070";"Alfredo Wagner";117;2011
"420075";"Alto Bela Vista";17;2011
"420080";"Anchieta";59;2011
"420090";"Angelina";58;2011
"420100";"Anita Garibaldi";98;2011
"420110";"Anitápolis";31;2011
"420120";"Antônio Carlos";102;2011
"420125";"Apiúna";126;2011
"420127";"Arabutã";39;2011
"420130";"Araquari";441;2011
"420140";"Araranguá";874;2011
"420150";"Armazém";104;2011
"420160";"Arroio Trinta";25;2011
"420165";"Arvoredo";19;2011
"420170";"Ascurra";80;2011
"420180";"Atalanta";39;2011
"420190";"Aurora";67;2011
"420195";"Balneário Arroio do Silva";148;2011
"420205";"Balneário Barra do Sul";105;2011
"420200";"Balneário Camboriú";1314;2011
"420207";"Balneário Gaivota";103;2011
"421280";"Balneário Piçarras";271;2011
"422000";"Balneário Rincão";NA;2011
"420208";"Bandeirante";23;2011
"420209";"Barra Bonita";28;2011
"420210";"Barra Velha";376;2011
"420213";"Bela Vista do Toldo";85;2011
"420215";"Belmonte";26;2011
"420220";"Benedito Novo";123;2011
"420230";"Biguaçu";851;2011
"420240";"Blumenau";4220;2011
"420243";"Bocaina do Sul";41;2011
"420250";"Bom Jardim da Serra";44;2011
"420253";"Bom Jesus";39;2011
"420257";"Bom Jesus do Oeste";25;2011
"420260";"Bom Retiro";119;2011
"420245";"Bombinhas";235;2011
"420270";"Botuverá";54;2011
"420280";"Braço do Norte";451;2011
"420285";"Braço do Trombudo";43;2011
"420287";"Brunópolis";37;2011
"420290";"Brusque";1518;2011
"420300";"Caçador";1175;2011
"420310";"Caibi";65;2011
"420315";"Calmon";52;2011
"420320";"Camboriú";978;2011
"420330";"Campo Alegre";158;2011
"420340";"Campo Belo do Sul";92;2011
"420350";"Campo Erê";123;2011
"420360";"Campos Novos";489;2011
"420370";"Canelinha";124;2011
"420380";"Canoinhas";815;2011
"420325";"Capão Alto";31;2011
"420390";"Capinzal";284;2011
"420395";"Capivari de Baixo";327;2011
"420400";"Catanduvas";152;2011
"420410";"Caxambu do Sul";42;2011
"420415";"Celso Ramos";42;2011
"420417";"Cerro Negro";40;2011
"420419";"Chapadão do Lageado";43;2011
"420420";"Chapecó";2843;2011
"420425";"Cocal do Sul";180;2011
"420430";"Concórdia";958;2011
"420435";"Cordilheira Alta";35;2011
"420440";"Coronel Freitas";105;2011
"420445";"Coronel Martins";35;2011
"420455";"Correia Pinto";199;2011
"420450";"Corupá";205;2011
"420460";"Criciúma";2736;2011
"420470";"Cunha Porã";93;2011
"420475";"Cunhataí";10;2011
"420480";"Curitibanos";594;2011
"420490";"Descanso";68;2011
"420500";"Dionísio Cerqueira";234;2011
"420510";"Dona Emma";52;2011
"420515";"Doutor Pedrinho";33;2011
"420517";"Entre Rios";33;2011
"420519";"Ermo";28;2011
"420520";"Erval Velho";42;2011
"420530";"Faxinal dos Guedes";161;2011
"420535";"Flor do Sertão";14;2011
"420540";"Florianópolis";5450;2011
"420543";"Formosa do Sul";25;2011
"420545";"Forquilhinha";325;2011
"420550";"Fraiburgo";552;2011
"420555";"Frei Rogério";35;2011
"420560";"Galvão";50;2011
"420570";"Garopaba";232;2011
"420580";"Garuva";272;2011
"420590";"Gaspar";760;2011
"420600";"Governador Celso Ramos";140;2011
"420610";"Grão Pará";81;2011
"420620";"Gravatal";143;2011
"420630";"Guabiruba";245;2011
"420640";"Guaraciaba";111;2011
"420650";"Guaramirim";584;2011
"420660";"Guarujá do Sul";58;2011
"420665";"Guatambú";59;2011
"420670";"Herval d'Oeste";298;2011
"420675";"Ibiam";23;2011
"420680";"Ibicaré";28;2011
"420690";"Ibirama";260;2011
"420700";"Içara";821;2011
"420710";"Ilhota";146;2011
"420720";"Imaruí";91;2011
"420730";"Imbituba";518;2011
"420740";"Imbuia";72;2011
"420750";"Indaial";810;2011
"420757";"Iomerê";26;2011
"420760";"Ipira";44;2011
"420765";"Iporã do Oeste";91;2011
"420768";"Ipuaçu";147;2011
"420770";"Ipumirim";76;2011
"420775";"Iraceminha";38;2011
"420780";"Irani";107;2011
"420785";"Irati";18;2011
"420790";"Irineópolis";139;2011
"420800";"Itá";74;2011
"420810";"Itaiópolis";330;2011
"420820";"Itajaí";2878;2011
"420830";"Itapema";683;2011
"420840";"Itapiranga";227;2011
"420845";"Itapoá";181;2011
"420850";"Ituporanga";352;2011
"420860";"Jaborá";43;2011
"420870";"Jacinto Machado";114;2011
"420880";"Jaguaruna";189;2011
"420890";"Jaraguá do Sul";2254;2011
"420895";"Jardinópolis";28;2011
"420900";"Joaçaba";386;2011
"420910";"Joinville";7805;2011
"420915";"José Boiteux";92;2011
"420917";"Jupiá";22;2011
"420920";"Lacerdópolis";15;2011
"420930";"Lages";2348;2011
"420940";"Laguna";577;2011
"420945";"Lajeado Grande";10;2011
"420950";"Laurentino";85;2011
"420960";"Lauro Muller";197;2011
"420970";"Lebon Régis";154;2011
"420980";"Leoberto Leal";46;2011
"420985";"Lindóia do Sul";55;2011
"420990";"Lontras";152;2011
"421000";"Luiz Alves";141;2011
"421003";"Luzerna";51;2011
"421005";"Macieira";26;2011
"421010";"Mafra";857;2011
"421020";"Major Gercino";34;2011
"421030";"Major Vieira";86;2011
"421040";"Maracajá";99;2011
"421050";"Maravilha";295;2011
"421055";"Marema";19;2011
"421060";"Massaranduba";183;2011
"421070";"Matos Costa";31;2011
"421080";"Meleiro";77;2011
"421085";"Mirim Doce";24;2011
"421090";"Modelo";43;2011
"421100";"Mondaí";101;2011
"421105";"Monte Carlo";131;2011
"421110";"Monte Castelo";121;2011
"421120";"Morro da Fumaça";244;2011
"421125";"Morro Grande";34;2011
"421130";"Navegantes";1036;2011
"421140";"Nova Erechim";51;2011
"421145";"Nova Itaberaba";53;2011
"421150";"Nova Trento";131;2011
"421160";"Nova Veneza";156;2011
"421165";"Novo Horizonte";24;2011
"421170";"Orleans";248;2011
"421175";"Otacílio Costa";244;2011
"421180";"Ouro";90;2011
"421185";"Ouro Verde";28;2011
"421187";"Paial";13;2011
"421189";"Painel";21;2011
"421190";"Palhoça";2142;2011
"421200";"Palma Sola";108;2011
"421205";"Palmeira";30;2011
"421210";"Palmitos";177;2011
"421220";"Papanduva";260;2011
"421223";"Paraíso";46;2011
"421225";"Passo de Torres";78;2011
"421227";"Passos Maia";63;2011
"421230";"Paulo Lopes";88;2011
"421240";"Pedras Grandes";23;2011
"421250";"Penha";324;2011
"421260";"Peritiba";21;2011
"421265";"Pescaria Brava";NA;2011
"421270";"Petrolândia";57;2011
"421290";"Pinhalzinho";216;2011
"421300";"Pinheiro Preto";28;2011
"421310";"Piratuba";55;2011
"421315";"Planalto Alegre";27;2011
"421320";"Pomerode";336;2011
"421330";"Ponte Alta";72;2011
"421335";"Ponte Alta do Norte";55;2011
"421340";"Ponte Serrada";162;2011
"421350";"Porto Belo";234;2011
"421360";"Porto União";513;2011
"421370";"Pouso Redondo";229;2011
"421380";"Praia Grande";72;2011
"421390";"Presidente Castello Branco";23;2011
"421400";"Presidente Getúlio";180;2011
"421410";"Presidente Nereu";22;2011
"421415";"Princesa";39;2011
"421420";"Quilombo";124;2011
"421430";"Rancho Queimado";32;2011
"421440";"Rio das Antas";69;2011
"421450";"Rio do Campo";76;2011
"421460";"Rio do Oeste";85;2011
"421480";"Rio do Sul";864;2011
"421470";"Rio dos Cedros";100;2011
"421490";"Rio Fortuna";68;2011
"421500";"Rio Negrinho";566;2011
"421505";"Rio Rufino";31;2011
"421507";"Riqueza";47;2011
"421510";"Rodeio";109;2011
"421520";"Romelândia";42;2011
"421530";"Salete";104;2011
"421535";"Saltinho";50;2011
"421540";"Salto Veloso";50;2011
"421545";"Sangão";175;2011
"421550";"Santa Cecília";273;2011
"421555";"Santa Helena";19;2011
"421560";"Santa Rosa de Lima";21;2011
"421565";"Santa Rosa do Sul";95;2011
"421567";"Santa Terezinha";111;2011
"421568";"Santa Terezinha do Progresso";25;2011
"421569";"Santiago do Sul";14;2011
"421570";"Santo Amaro da Imperatriz";211;2011
"421580";"São Bento do Sul";1204;2011
"421575";"São Bernardino";23;2011
"421590";"São Bonifácio";29;2011
"421600";"São Carlos";134;2011
"421605";"São Cristovão do Sul";81;2011
"421610";"São Domingos";110;2011
"421620";"São Francisco do Sul";636;2011
"421630";"São João Batista";401;2011
"421635";"São João do Itaperiú";46;2011
"421625";"São João do Oeste";47;2011
"421640";"São João do Sul";83;2011
"421650";"São Joaquim";366;2011
"421660";"São José";2932;2011
"421670";"São José do Cedro";149;2011
"421680";"São José do Cerrito";87;2011
"421690";"São Lourenço do Oeste";316;2011
"421700";"São Ludgero";156;2011
"421710";"São Martinho";29;2011
"421715";"São Miguel da Boa Vista";20;2011
"421720";"São Miguel do Oeste";493;2011
"421725";"São Pedro de Alcântara";40;2011
"421730";"Saudades";99;2011
"421740";"Schroeder";256;2011
"421750";"Seara";204;2011
"421755";"Serra Alta";39;2011
"421760";"Siderópolis";157;2011
"421770";"Sombrio";390;2011
"421775";"Sul Brasil";39;2011
"421780";"Taió";229;2011
"421790";"Tangará";96;2011
"421795";"Tigrinhos";29;2011
"421800";"Tijucas";474;2011
"421810";"Timbé do Sul";15;2011
"421820";"Timbó";474;2011
"421825";"Timbó Grande";122;2011
"421830";"Três Barras";279;2011
"421835";"Treviso";41;2011
"421840";"Treze de Maio";71;2011
"421850";"Treze Tílias";86;2011
"421860";"Trombudo Central";78;2011
"421870";"Tubarão";1213;2011
"421875";"Tunápolis";54;2011
"421880";"Turvo";161;2011
"421885";"União do Oeste";24;2011
"421890";"Urubici";157;2011
"421895";"Urupema";34;2011
"421900";"Urussanga";237;2011
"421910";"Vargeão";45;2011
"421915";"Vargem";37;2011
"421917";"Vargem Bonita";69;2011
"421920";"Vidal Ramos";82;2011
"421930";"Videira";718;2011
"421935";"Vitor Meireles";62;2011
"421940";"Witmarsum";59;2011
"421950";"Xanxerê";617;2011
"421960";"Xavantina";39;2011
"421970";"Xaxim";381;2011
"421985";"Zortéa";41;2011
"420000";"Município ignorado - SC";1;2011
"420005";"Abdon Batista";33;2012
"420010";"Abelardo Luz";269;2012
"420020";"Agrolândia";142;2012
"420030";"Agronômica";66;2012
"420040";"Água Doce";91;2012
"420050";"Águas de Chapecó";69;2012
"420055";"Águas Frias";29;2012
"420060";"Águas Mornas";67;2012
"420070";"Alfredo Wagner";105;2012
"420075";"Alto Bela Vista";18;2012
"420080";"Anchieta";73;2012
"420090";"Angelina";58;2012
"420100";"Anita Garibaldi";96;2012
"420110";"Anitápolis";25;2012
"420120";"Antônio Carlos";102;2012
"420125";"Apiúna";123;2012
"420127";"Arabutã";42;2012
"420130";"Araquari";499;2012
"420140";"Araranguá";872;2012
"420150";"Armazém";103;2012
"420160";"Arroio Trinta";28;2012
"420165";"Arvoredo";24;2012
"420170";"Ascurra";102;2012
"420180";"Atalanta";33;2012
"420190";"Aurora";78;2012
"420195";"Balneário Arroio do Silva";158;2012
"420205";"Balneário Barra do Sul";108;2012
"420200";"Balneário Camboriú";1354;2012
"420207";"Balneário Gaivota";95;2012
"421280";"Balneário Piçarras";263;2012
"422000";"Balneário Rincão";NA;2012
"420208";"Bandeirante";38;2012
"420209";"Barra Bonita";24;2012
"420210";"Barra Velha";361;2012
"420213";"Bela Vista do Toldo";66;2012
"420215";"Belmonte";34;2012
"420220";"Benedito Novo";102;2012
"420230";"Biguaçu";875;2012
"420240";"Blumenau";4401;2012
"420243";"Bocaina do Sul";34;2012
"420250";"Bom Jardim da Serra";39;2012
"420253";"Bom Jesus";48;2012
"420257";"Bom Jesus do Oeste";25;2012
"420260";"Bom Retiro";117;2012
"420245";"Bombinhas";229;2012
"420270";"Botuverá";63;2012
"420280";"Braço do Norte";459;2012
"420285";"Braço do Trombudo";48;2012
"420287";"Brunópolis";33;2012
"420290";"Brusque";1526;2012
"420300";"Caçador";1115;2012
"420310";"Caibi";58;2012
"420315";"Calmon";62;2012
"420320";"Camboriú";1191;2012
"420330";"Campo Alegre";137;2012
"420340";"Campo Belo do Sul";100;2012
"420350";"Campo Erê";136;2012
"420360";"Campos Novos";470;2012
"420370";"Canelinha";126;2012
"420380";"Canoinhas";802;2012
"420325";"Capão Alto";31;2012
"420390";"Capinzal";296;2012
"420395";"Capivari de Baixo";299;2012
"420400";"Catanduvas";140;2012
"420410";"Caxambu do Sul";46;2012
"420415";"Celso Ramos";36;2012
"420417";"Cerro Negro";41;2012
"420419";"Chapadão do Lageado";37;2012
"420420";"Chapecó";3006;2012
"420425";"Cocal do Sul";182;2012
"420430";"Concórdia";917;2012
"420435";"Cordilheira Alta";38;2012
"420440";"Coronel Freitas";96;2012
"420445";"Coronel Martins";21;2012
"420455";"Correia Pinto";199;2012
"420450";"Corupá";178;2012
"420460";"Criciúma";2731;2012
"420470";"Cunha Porã";94;2012
"420475";"Cunhataí";23;2012
"420480";"Curitibanos";617;2012
"420490";"Descanso";71;2012
"420500";"Dionísio Cerqueira";244;2012
"420510";"Dona Emma";48;2012
"420515";"Doutor Pedrinho";49;2012
"420517";"Entre Rios";52;2012
"420519";"Ermo";37;2012
"420520";"Erval Velho";50;2012
"420530";"Faxinal dos Guedes";136;2012
"420535";"Flor do Sertão";12;2012
"420540";"Florianópolis";5495;2012
"420543";"Formosa do Sul";25;2012
"420545";"Forquilhinha";346;2012
"420550";"Fraiburgo";549;2012
"420555";"Frei Rogério";24;2012
"420560";"Galvão";50;2012
"420570";"Garopaba";251;2012
"420580";"Garuva";253;2012
"420590";"Gaspar";765;2012
"420600";"Governador Celso Ramos";166;2012
"420610";"Grão Pará";73;2012
"420620";"Gravatal";145;2012
"420630";"Guabiruba";247;2012
"420640";"Guaraciaba";115;2012
"420650";"Guaramirim";629;2012
"420660";"Guarujá do Sul";70;2012
"420665";"Guatambú";65;2012
"420670";"Herval d'Oeste";275;2012
"420675";"Ibiam";18;2012
"420680";"Ibicaré";39;2012
"420690";"Ibirama";256;2012
"420700";"Içara";842;2012
"420710";"Ilhota";166;2012
"420720";"Imaruí";95;2012
"420730";"Imbituba";525;2012
"420740";"Imbuia";65;2012
"420750";"Indaial";808;2012
"420757";"Iomerê";27;2012
"420760";"Ipira";54;2012
"420765";"Iporã do Oeste";87;2012
"420768";"Ipuaçu";120;2012
"420770";"Ipumirim";79;2012
"420775";"Iraceminha";39;2012
"420780";"Irani";112;2012
"420785";"Irati";21;2012
"420790";"Irineópolis";112;2012
"420800";"Itá";73;2012
"420810";"Itaiópolis";267;2012
"420820";"Itajaí";3030;2012
"420830";"Itapema";671;2012
"420840";"Itapiranga";214;2012
"420845";"Itapoá";205;2012
"420850";"Ituporanga";349;2012
"420860";"Jaborá";49;2012
"420870";"Jacinto Machado";133;2012
"420880";"Jaguaruna";255;2012
"420890";"Jaraguá do Sul";2333;2012
"420895";"Jardinópolis";16;2012
"420900";"Joaçaba";324;2012
"420910";"Joinville";7886;2012
"420915";"José Boiteux";92;2012
"420917";"Jupiá";27;2012
"420920";"Lacerdópolis";20;2012
"420930";"Lages";2299;2012
"420940";"Laguna";566;2012
"420945";"Lajeado Grande";15;2012
"420950";"Laurentino";85;2012
"420960";"Lauro Muller";185;2012
"420970";"Lebon Régis";160;2012
"420980";"Leoberto Leal";29;2012
"420985";"Lindóia do Sul";55;2012
"420990";"Lontras";141;2012
"421000";"Luiz Alves";144;2012
"421003";"Luzerna";48;2012
"421005";"Macieira";16;2012
"421010";"Mafra";745;2012
"421020";"Major Gercino";34;2012
"421030";"Major Vieira";95;2012
"421040";"Maracajá";92;2012
"421050";"Maravilha";315;2012
"421055";"Marema";12;2012
"421060";"Massaranduba";186;2012
"421070";"Matos Costa";41;2012
"421080";"Meleiro";73;2012
"421085";"Mirim Doce";30;2012
"421090";"Modelo";43;2012
"421100";"Mondaí";108;2012
"421105";"Monte Carlo";152;2012
"421110";"Monte Castelo";137;2012
"421120";"Morro da Fumaça";243;2012
"421125";"Morro Grande";44;2012
"421130";"Navegantes";1160;2012
"421140";"Nova Erechim";58;2012
"421145";"Nova Itaberaba";51;2012
"421150";"Nova Trento";153;2012
"421160";"Nova Veneza";178;2012
"421165";"Novo Horizonte";25;2012
"421170";"Orleans";299;2012
"421175";"Otacílio Costa";257;2012
"421180";"Ouro";78;2012
"421185";"Ouro Verde";24;2012
"421187";"Paial";28;2012
"421189";"Painel";35;2012
"421190";"Palhoça";2287;2012
"421200";"Palma Sola";97;2012
"421205";"Palmeira";30;2012
"421210";"Palmitos";191;2012
"421220";"Papanduva";267;2012
"421223";"Paraíso";49;2012
"421225";"Passo de Torres";80;2012
"421227";"Passos Maia";41;2012
"421230";"Paulo Lopes";93;2012
"421240";"Pedras Grandes";32;2012
"421250";"Penha";319;2012
"421260";"Peritiba";27;2012
"421265";"Pescaria Brava";NA;2012
"421270";"Petrolândia";82;2012
"421290";"Pinhalzinho";259;2012
"421300";"Pinheiro Preto";29;2012
"421310";"Piratuba";49;2012
"421315";"Planalto Alegre";28;2012
"421320";"Pomerode";359;2012
"421330";"Ponte Alta";77;2012
"421335";"Ponte Alta do Norte";49;2012
"421340";"Ponte Serrada";184;2012
"421350";"Porto Belo";218;2012
"421360";"Porto União";507;2012
"421370";"Pouso Redondo";245;2012
"421380";"Praia Grande";75;2012
"421390";"Presidente Castello Branco";13;2012
"421400";"Presidente Getúlio";215;2012
"421410";"Presidente Nereu";22;2012
"421415";"Princesa";34;2012
"421420";"Quilombo";127;2012
"421430";"Rancho Queimado";31;2012
"421440";"Rio das Antas";59;2012
"421450";"Rio do Campo";87;2012
"421460";"Rio do Oeste";72;2012
"421480";"Rio do Sul";895;2012
"421470";"Rio dos Cedros";115;2012
"421490";"Rio Fortuna";51;2012
"421500";"Rio Negrinho";554;2012
"421505";"Rio Rufino";22;2012
"421507";"Riqueza";53;2012
"421510";"Rodeio";93;2012
"421520";"Romelândia";58;2012
"421530";"Salete";71;2012
"421535";"Saltinho";39;2012
"421540";"Salto Veloso";64;2012
"421545";"Sangão";176;2012
"421550";"Santa Cecília";304;2012
"421555";"Santa Helena";24;2012
"421560";"Santa Rosa de Lima";15;2012
"421565";"Santa Rosa do Sul";92;2012
"421567";"Santa Terezinha";83;2012
"421568";"Santa Terezinha do Progresso";26;2012
"421569";"Santiago do Sul";24;2012
"421570";"Santo Amaro da Imperatriz";257;2012
"421580";"São Bento do Sul";1180;2012
"421575";"São Bernardino";40;2012
"421590";"São Bonifácio";20;2012
"421600";"São Carlos";122;2012
"421605";"São Cristovão do Sul";74;2012
"421610";"São Domingos";87;2012
"421620";"São Francisco do Sul";631;2012
"421630";"São João Batista";372;2012
"421635";"São João do Itaperiú";46;2012
"421625";"São João do Oeste";71;2012
"421640";"São João do Sul";70;2012
"421650";"São Joaquim";344;2012
"421660";"São José";2988;2012
"421670";"São José do Cedro";160;2012
"421680";"São José do Cerrito";70;2012
"421690";"São Lourenço do Oeste";326;2012
"421700";"São Ludgero";164;2012
"421710";"São Martinho";40;2012
"421715";"São Miguel da Boa Vista";16;2012
"421720";"São Miguel do Oeste";466;2012
"421725";"São Pedro de Alcântara";28;2012
"421730";"Saudades";115;2012
"421740";"Schroeder";278;2012
"421750";"Seara";186;2012
"421755";"Serra Alta";43;2012
"421760";"Siderópolis";146;2012
"421770";"Sombrio";395;2012
"421775";"Sul Brasil";29;2012
"421780";"Taió";229;2012
"421790";"Tangará";83;2012
"421795";"Tigrinhos";24;2012
"421800";"Tijucas";534;2012
"421810";"Timbé do Sul";49;2012
"421820";"Timbó";471;2012
"421825";"Timbó Grande";109;2012
"421830";"Três Barras";283;2012
"421835";"Treviso";50;2012
"421840";"Treze de Maio";68;2012
"421850";"Treze Tílias";95;2012
"421860";"Trombudo Central";89;2012
"421870";"Tubarão";1259;2012
"421875";"Tunápolis";58;2012
"421880";"Turvo";132;2012
"421885";"União do Oeste";20;2012
"421890";"Urubici";127;2012
"421895";"Urupema";26;2012
"421900";"Urussanga";193;2012
"421910";"Vargeão";54;2012
"421915";"Vargem";24;2012
"421917";"Vargem Bonita";56;2012
"421920";"Vidal Ramos";84;2012
"421930";"Videira";682;2012
"421935";"Vitor Meireles";88;2012
"421940";"Witmarsum";39;2012
"421950";"Xanxerê";599;2012
"421960";"Xavantina";37;2012
"421970";"Xaxim";349;2012
"421985";"Zortéa";42;2012
"420000";"Município ignorado - SC";NA;2012
"420005";"Abdon Batista";48;2013
"420010";"Abelardo Luz";258;2013
"420020";"Agrolândia";138;2013
"420030";"Agronômica";41;2013
"420040";"Água Doce";73;2013
"420050";"Águas de Chapecó";71;2013
"420055";"Águas Frias";32;2013
"420060";"Águas Mornas";60;2013
"420070";"Alfredo Wagner";114;2013
"420075";"Alto Bela Vista";8;2013
"420080";"Anchieta";78;2013
"420090";"Angelina";51;2013
"420100";"Anita Garibaldi";114;2013
"420110";"Anitápolis";30;2013
"420120";"Antônio Carlos";97;2013
"420125";"Apiúna";125;2013
"420127";"Arabutã";45;2013
"420130";"Araquari";459;2013
"420140";"Araranguá";829;2013
"420150";"Armazém";95;2013
"420160";"Arroio Trinta";32;2013
"420165";"Arvoredo";24;2013
"420170";"Ascurra";79;2013
"420180";"Atalanta";45;2013
"420190";"Aurora";68;2013
"420195";"Balneário Arroio do Silva";149;2013
"420205";"Balneário Barra do Sul";107;2013
"420200";"Balneário Camboriú";1442;2013
"420207";"Balneário Gaivota";118;2013
"421280";"Balneário Piçarras";292;2013
"422000";"Balneário Rincão";132;2013
"420208";"Bandeirante";32;2013
"420209";"Barra Bonita";18;2013
"420210";"Barra Velha";411;2013
"420213";"Bela Vista do Toldo";68;2013
"420215";"Belmonte";29;2013
"420220";"Benedito Novo";110;2013
"420230";"Biguaçu";889;2013
"420240";"Blumenau";4268;2013
"420243";"Bocaina do Sul";48;2013
"420250";"Bom Jardim da Serra";39;2013
"420253";"Bom Jesus";34;2013
"420257";"Bom Jesus do Oeste";26;2013
"420260";"Bom Retiro";110;2013
"420245";"Bombinhas";265;2013
"420270";"Botuverá";57;2013
"420280";"Braço do Norte";456;2013
"420285";"Braço do Trombudo";59;2013
"420287";"Brunópolis";34;2013
"420290";"Brusque";1625;2013
"420300";"Caçador";1175;2013
"420310";"Caibi";71;2013
"420315";"Calmon";74;2013
"420320";"Camboriú";1191;2013
"420330";"Campo Alegre";106;2013
"420340";"Campo Belo do Sul";109;2013
"420350";"Campo Erê";139;2013
"420360";"Campos Novos";482;2013
"420370";"Canelinha";141;2013
"420380";"Canoinhas";824;2013
"420325";"Capão Alto";26;2013
"420390";"Capinzal";325;2013
"420395";"Capivari de Baixo";319;2013
"420400";"Catanduvas";136;2013
"420410";"Caxambu do Sul";48;2013
"420415";"Celso Ramos";31;2013
"420417";"Cerro Negro";35;2013
"420419";"Chapadão do Lageado";44;2013
"420420";"Chapecó";3183;2013
"420425";"Cocal do Sul";196;2013
"420430";"Concórdia";889;2013
"420435";"Cordilheira Alta";42;2013
"420440";"Coronel Freitas";102;2013
"420445";"Coronel Martins";15;2013
"420455";"Correia Pinto";216;2013
"420450";"Corupá";167;2013
"420460";"Criciúma";2812;2013
"420470";"Cunha Porã";138;2013
"420475";"Cunhataí";17;2013
"420480";"Curitibanos";624;2013
"420490";"Descanso";84;2013
"420500";"Dionísio Cerqueira";241;2013
"420510";"Dona Emma";42;2013
"420515";"Doutor Pedrinho";36;2013
"420517";"Entre Rios";51;2013
"420519";"Ermo";33;2013
"420520";"Erval Velho";43;2013
"420530";"Faxinal dos Guedes";167;2013
"420535";"Flor do Sertão";20;2013
"420540";"Florianópolis";5630;2013
"420543";"Formosa do Sul";25;2013
"420545";"Forquilhinha";348;2013
"420550";"Fraiburgo";530;2013
"420555";"Frei Rogério";37;2013
"420560";"Galvão";45;2013
"420570";"Garopaba";252;2013
"420580";"Garuva";279;2013
"420590";"Gaspar";800;2013
"420600";"Governador Celso Ramos";139;2013
"420610";"Grão Pará";70;2013
"420620";"Gravatal";127;2013
"420630";"Guabiruba";250;2013
"420640";"Guaraciaba";85;2013
"420650";"Guaramirim";638;2013
"420660";"Guarujá do Sul";59;2013
"420665";"Guatambú";77;2013
"420670";"Herval d'Oeste";273;2013
"420675";"Ibiam";26;2013
"420680";"Ibicaré";32;2013
"420690";"Ibirama";252;2013
"420700";"Içara";703;2013
"420710";"Ilhota";166;2013
"420720";"Imaruí";118;2013
"420730";"Imbituba";512;2013
"420740";"Imbuia";69;2013
"420750";"Indaial";797;2013
"420757";"Iomerê";31;2013
"420760";"Ipira";44;2013
"420765";"Iporã do Oeste";84;2013
"420768";"Ipuaçu";129;2013
"420770";"Ipumirim";108;2013
"420775";"Iraceminha";39;2013
"420780";"Irani";124;2013
"420785";"Irati";30;2013
"420790";"Irineópolis";134;2013
"420800";"Itá";58;2013
"420810";"Itaiópolis";283;2013
"420820";"Itajaí";3028;2013
"420830";"Itapema";700;2013
"420840";"Itapiranga";179;2013
"420845";"Itapoá";200;2013
"420850";"Ituporanga";328;2013
"420860";"Jaborá";63;2013
"420870";"Jacinto Machado";121;2013
"420880";"Jaguaruna";226;2013
"420890";"Jaraguá do Sul";2310;2013
"420895";"Jardinópolis";25;2013
"420900";"Joaçaba";336;2013
"420910";"Joinville";7848;2013
"420915";"José Boiteux";84;2013
"420917";"Jupiá";18;2013
"420920";"Lacerdópolis";19;2013
"420930";"Lages";2340;2013
"420940";"Laguna";573;2013
"420945";"Lajeado Grande";12;2013
"420950";"Laurentino";101;2013
"420960";"Lauro Muller";194;2013
"420970";"Lebon Régis";160;2013
"420980";"Leoberto Leal";30;2013
"420985";"Lindóia do Sul";42;2013
"420990";"Lontras";169;2013
"421000";"Luiz Alves";168;2013
"421003";"Luzerna";43;2013
"421005";"Macieira";33;2013
"421010";"Mafra";827;2013
"421020";"Major Gercino";27;2013
"421030";"Major Vieira";91;2013
"421040";"Maracajá";79;2013
"421050";"Maravilha";310;2013
"421055";"Marema";12;2013
"421060";"Massaranduba";168;2013
"421070";"Matos Costa";30;2013
"421080";"Meleiro";76;2013
"421085";"Mirim Doce";30;2013
"421090";"Modelo";44;2013
"421100";"Mondaí";106;2013
"421105";"Monte Carlo";154;2013
"421110";"Monte Castelo";106;2013
"421120";"Morro da Fumaça";258;2013
"421125";"Morro Grande";56;2013
"421130";"Navegantes";1229;2013
"421140";"Nova Erechim";52;2013
"421145";"Nova Itaberaba";55;2013
"421150";"Nova Trento";152;2013
"421160";"Nova Veneza";177;2013
"421165";"Novo Horizonte";21;2013
"421170";"Orleans";260;2013
"421175";"Otacílio Costa";252;2013
"421180";"Ouro";78;2013
"421185";"Ouro Verde";27;2013
"421187";"Paial";14;2013
"421189";"Painel";18;2013
"421190";"Palhoça";2396;2013
"421200";"Palma Sola";112;2013
"421205";"Palmeira";33;2013
"421210";"Palmitos";188;2013
"421220";"Papanduva";225;2013
"421223";"Paraíso";48;2013
"421225";"Passo de Torres";88;2013
"421227";"Passos Maia";55;2013
"421230";"Paulo Lopes";98;2013
"421240";"Pedras Grandes";32;2013
"421250";"Penha";372;2013
"421260";"Peritiba";32;2013
"421265";"Pescaria Brava";9;2013
"421270";"Petrolândia";69;2013
"421290";"Pinhalzinho";266;2013
"421300";"Pinheiro Preto";47;2013
"421310";"Piratuba";69;2013
"421315";"Planalto Alegre";32;2013
"421320";"Pomerode";334;2013
"421330";"Ponte Alta";74;2013
"421335";"Ponte Alta do Norte";56;2013
"421340";"Ponte Serrada";147;2013
"421350";"Porto Belo";244;2013
"421360";"Porto União";431;2013
"421370";"Pouso Redondo";221;2013
"421380";"Praia Grande";87;2013
"421390";"Presidente Castello Branco";16;2013
"421400";"Presidente Getúlio";219;2013
"421410";"Presidente Nereu";27;2013
"421415";"Princesa";31;2013
"421420";"Quilombo";149;2013
"421430";"Rancho Queimado";24;2013
"421440";"Rio das Antas";61;2013
"421450";"Rio do Campo";63;2013
"421460";"Rio do Oeste";82;2013
"421480";"Rio do Sul";935;2013
"421470";"Rio dos Cedros";109;2013
"421490";"Rio Fortuna";52;2013
"421500";"Rio Negrinho";539;2013
"421505";"Rio Rufino";22;2013
"421507";"Riqueza";39;2013
"421510";"Rodeio";114;2013
"421520";"Romelândia";49;2013
"421530";"Salete";94;2013
"421535";"Saltinho";46;2013
"421540";"Salto Veloso";58;2013
"421545";"Sangão";204;2013
"421550";"Santa Cecília";317;2013
"421555";"Santa Helena";26;2013
"421560";"Santa Rosa de Lima";21;2013
"421565";"Santa Rosa do Sul";98;2013
"421567";"Santa Terezinha";95;2013
"421568";"Santa Terezinha do Progresso";36;2013
"421569";"Santiago do Sul";11;2013
"421570";"Santo Amaro da Imperatriz";300;2013
"421580";"São Bento do Sul";1172;2013
"421575";"São Bernardino";34;2013
"421590";"São Bonifácio";19;2013
"421600";"São Carlos";123;2013
"421605";"São Cristovão do Sul";60;2013
"421610";"São Domingos";129;2013
"421620";"São Francisco do Sul";627;2013
"421630";"São João Batista";447;2013
"421635";"São João do Itaperiú";31;2013
"421625";"São João do Oeste";55;2013
"421640";"São João do Sul";69;2013
"421650";"São Joaquim";304;2013
"421660";"São José";3049;2013
"421670";"São José do Cedro";163;2013
"421680";"São José do Cerrito";82;2013
"421690";"São Lourenço do Oeste";326;2013
"421700";"São Ludgero";182;2013
"421710";"São Martinho";25;2013
"421715";"São Miguel da Boa Vista";19;2013
"421720";"São Miguel do Oeste";470;2013
"421725";"São Pedro de Alcântara";23;2013
"421730";"Saudades";101;2013
"421740";"Schroeder";222;2013
"421750";"Seara";196;2013
"421755";"Serra Alta";40;2013
"421760";"Siderópolis";119;2013
"421770";"Sombrio";378;2013
"421775";"Sul Brasil";25;2013
"421780";"Taió";237;2013
"421790";"Tangará";98;2013
"421795";"Tigrinhos";27;2013
"421800";"Tijucas";539;2013
"421810";"Timbé do Sul";60;2013
"421820";"Timbó";434;2013
"421825";"Timbó Grande";115;2013
"421830";"Três Barras";258;2013
"421835";"Treviso";46;2013
"421840";"Treze de Maio";88;2013
"421850";"Treze Tílias";101;2013
"421860";"Trombudo Central";95;2013
"421870";"Tubarão";1260;2013
"421875";"Tunápolis";49;2013
"421880";"Turvo";152;2013
"421885";"União do Oeste";37;2013
"421890";"Urubici";126;2013
"421895";"Urupema";35;2013
"421900";"Urussanga";185;2013
"421910";"Vargeão";49;2013
"421915";"Vargem";30;2013
"421917";"Vargem Bonita";53;2013
"421920";"Vidal Ramos";73;2013
"421930";"Videira";763;2013
"421935";"Vitor Meireles";72;2013
"421940";"Witmarsum";37;2013
"421950";"Xanxerê";650;2013
"421960";"Xavantina";24;2013
"421970";"Xaxim";357;2013
"421985";"Zortéa";44;2013
"420000";"Município ignorado - SC";1;2013
"420005";"Abdon Batista";33;2014
"420010";"Abelardo Luz";299;2014
"420020";"Agrolândia";125;2014
"420030";"Agronômica";54;2014
"420040";"Água Doce";89;2014
"420050";"Águas de Chapecó";64;2014
"420055";"Águas Frias";28;2014
"420060";"Águas Mornas";60;2014
"420070";"Alfredo Wagner";128;2014
"420075";"Alto Bela Vista";16;2014
"420080";"Anchieta";80;2014
"420090";"Angelina";57;2014
"420100";"Anita Garibaldi";109;2014
"420110";"Anitápolis";29;2014
"420120";"Antônio Carlos";116;2014
"420125";"Apiúna";156;2014
"420127";"Arabutã";42;2014
"420130";"Araquari";494;2014
"420140";"Araranguá";893;2014
"420150";"Armazém";107;2014
"420160";"Arroio Trinta";34;2014
"420165";"Arvoredo";28;2014
"420170";"Ascurra";99;2014
"420180";"Atalanta";48;2014
"420190";"Aurora";70;2014
"420195";"Balneário Arroio do Silva";138;2014
"420205";"Balneário Barra do Sul";139;2014
"420200";"Balneário Camboriú";1536;2014
"420207";"Balneário Gaivota";130;2014
"421280";"Balneário Piçarras";281;2014
"422000";"Balneário Rincão";200;2014
"420208";"Bandeirante";35;2014
"420209";"Barra Bonita";21;2014
"420210";"Barra Velha";417;2014
"420213";"Bela Vista do Toldo";78;2014
"420215";"Belmonte";32;2014
"420220";"Benedito Novo";99;2014
"420230";"Biguaçu";965;2014
"420240";"Blumenau";4480;2014
"420243";"Bocaina do Sul";53;2014
"420250";"Bom Jardim da Serra";51;2014
"420253";"Bom Jesus";49;2014
"420257";"Bom Jesus do Oeste";22;2014
"420260";"Bom Retiro";108;2014
"420245";"Bombinhas";253;2014
"420270";"Botuverá";45;2014
"420280";"Braço do Norte";453;2014
"420285";"Braço do Trombudo";50;2014
"420287";"Brunópolis";30;2014
"420290";"Brusque";1657;2014
"420300";"Caçador";1221;2014
"420310";"Caibi";61;2014
"420315";"Calmon";63;2014
"420320";"Camboriú";1186;2014
"420330";"Campo Alegre";117;2014
"420340";"Campo Belo do Sul";89;2014
"420350";"Campo Erê";146;2014
"420360";"Campos Novos";543;2014
"420370";"Canelinha";140;2014
"420380";"Canoinhas";802;2014
"420325";"Capão Alto";30;2014
"420390";"Capinzal";280;2014
"420395";"Capivari de Baixo";310;2014
"420400";"Catanduvas";124;2014
"420410";"Caxambu do Sul";58;2014
"420415";"Celso Ramos";23;2014
"420417";"Cerro Negro";48;2014
"420419";"Chapadão do Lageado";28;2014
"420420";"Chapecó";3273;2014
"420425";"Cocal do Sul";216;2014
"420430";"Concórdia";1009;2014
"420435";"Cordilheira Alta";50;2014
"420440";"Coronel Freitas";112;2014
"420445";"Coronel Martins";26;2014
"420455";"Correia Pinto";223;2014
"420450";"Corupá";175;2014
"420460";"Criciúma";2868;2014
"420470";"Cunha Porã";144;2014
"420475";"Cunhataí";21;2014
"420480";"Curitibanos";660;2014
"420490";"Descanso";94;2014
"420500";"Dionísio Cerqueira";259;2014
"420510";"Dona Emma";39;2014
"420515";"Doutor Pedrinho";42;2014
"420517";"Entre Rios";63;2014
"420519";"Ermo";32;2014
"420520";"Erval Velho";65;2014
"420530";"Faxinal dos Guedes";140;2014
"420535";"Flor do Sertão";22;2014
"420540";"Florianópolis";5813;2014
"420543";"Formosa do Sul";27;2014
"420545";"Forquilhinha";411;2014
"420550";"Fraiburgo";562;2014
"420555";"Frei Rogério";26;2014
"420560";"Galvão";44;2014
"420570";"Garopaba";255;2014
"420580";"Garuva";314;2014
"420590";"Gaspar";823;2014
"420600";"Governador Celso Ramos";163;2014
"420610";"Grão Pará";85;2014
"420620";"Gravatal";122;2014
"420630";"Guabiruba";267;2014
"420640";"Guaraciaba";108;2014
"420650";"Guaramirim";539;2014
"420660";"Guarujá do Sul";45;2014
"420665";"Guatambú";91;2014
"420670";"Herval d'Oeste";303;2014
"420675";"Ibiam";20;2014
"420680";"Ibicaré";26;2014
"420690";"Ibirama";266;2014
"420700";"Içara";708;2014
"420710";"Ilhota";181;2014
"420720";"Imaruí";109;2014
"420730";"Imbituba";504;2014
"420740";"Imbuia";75;2014
"420750";"Indaial";823;2014
"420757";"Iomerê";17;2014
"420760";"Ipira";50;2014
"420765";"Iporã do Oeste";119;2014
"420768";"Ipuaçu";118;2014
"420770";"Ipumirim";94;2014
"420775";"Iraceminha";31;2014
"420780";"Irani";128;2014
"420785";"Irati";22;2014
"420790";"Irineópolis";138;2014
"420800";"Itá";58;2014
"420810";"Itaiópolis";291;2014
"420820";"Itajaí";3319;2014
"420830";"Itapema";751;2014
"420840";"Itapiranga";179;2014
"420845";"Itapoá";244;2014
"420850";"Ituporanga";372;2014
"420860";"Jaborá";44;2014
"420870";"Jacinto Machado";123;2014
"420880";"Jaguaruna";210;2014
"420890";"Jaraguá do Sul";2408;2014
"420895";"Jardinópolis";26;2014
"420900";"Joaçaba";352;2014
"420910";"Joinville";8063;2014
"420915";"José Boiteux";98;2014
"420917";"Jupiá";20;2014
"420920";"Lacerdópolis";29;2014
"420930";"Lages";2406;2014
"420940";"Laguna";511;2014
"420945";"Lajeado Grande";21;2014
"420950";"Laurentino";98;2014
"420960";"Lauro Muller";214;2014
"420970";"Lebon Régis";162;2014
"420980";"Leoberto Leal";33;2014
"420985";"Lindóia do Sul";55;2014
"420990";"Lontras";166;2014
"421000";"Luiz Alves";186;2014
"421003";"Luzerna";60;2014
"421005";"Macieira";22;2014
"421010";"Mafra";798;2014
"421020";"Major Gercino";36;2014
"421030";"Major Vieira";76;2014
"421040";"Maracajá";116;2014
"421050";"Maravilha";377;2014
"421055";"Marema";17;2014
"421060";"Massaranduba";182;2014
"421070";"Matos Costa";33;2014
"421080";"Meleiro";86;2014
"421085";"Mirim Doce";36;2014
"421090";"Modelo";52;2014
"421100";"Mondaí";112;2014
"421105";"Monte Carlo";126;2014
"421110";"Monte Castelo";128;2014
"421120";"Morro da Fumaça";245;2014
"421125";"Morro Grande";32;2014
"421130";"Navegantes";1384;2014
"421140";"Nova Erechim";50;2014
"421145";"Nova Itaberaba";47;2014
"421150";"Nova Trento";143;2014
"421160";"Nova Veneza";186;2014
"421165";"Novo Horizonte";24;2014
"421170";"Orleans";252;2014
"421175";"Otacílio Costa";239;2014
"421180";"Ouro";79;2014
"421185";"Ouro Verde";26;2014
"421187";"Paial";19;2014
"421189";"Painel";29;2014
"421190";"Palhoça";2469;2014
"421200";"Palma Sola";127;2014
"421205";"Palmeira";32;2014
"421210";"Palmitos";177;2014
"421220";"Papanduva";241;2014
"421223";"Paraíso";39;2014
"421225";"Passo de Torres";96;2014
"421227";"Passos Maia";70;2014
"421230";"Paulo Lopes";78;2014
"421240";"Pedras Grandes";46;2014
"421250";"Penha";376;2014
"421260";"Peritiba";42;2014
"421265";"Pescaria Brava";100;2014
"421270";"Petrolândia";59;2014
"421290";"Pinhalzinho";266;2014
"421300";"Pinheiro Preto";39;2014
"421310";"Piratuba";71;2014
"421315";"Planalto Alegre";33;2014
"421320";"Pomerode";378;2014
"421330";"Ponte Alta";65;2014
"421335";"Ponte Alta do Norte";43;2014
"421340";"Ponte Serrada";172;2014
"421350";"Porto Belo";235;2014
"421360";"Porto União";435;2014
"421370";"Pouso Redondo";235;2014
"421380";"Praia Grande";73;2014
"421390";"Presidente Castello Branco";17;2014
"421400";"Presidente Getúlio";203;2014
"421410";"Presidente Nereu";30;2014
"421415";"Princesa";28;2014
"421420";"Quilombo";126;2014
"421430";"Rancho Queimado";25;2014
"421440";"Rio das Antas";85;2014
"421450";"Rio do Campo";82;2014
"421460";"Rio do Oeste";85;2014
"421480";"Rio do Sul";868;2014
"421470";"Rio dos Cedros";127;2014
"421490";"Rio Fortuna";42;2014
"421500";"Rio Negrinho";585;2014
"421505";"Rio Rufino";33;2014
"421507";"Riqueza";54;2014
"421510";"Rodeio";110;2014
"421520";"Romelândia";46;2014
"421530";"Salete";86;2014
"421535";"Saltinho";54;2014
"421540";"Salto Veloso";53;2014
"421545";"Sangão";211;2014
"421550";"Santa Cecília";251;2014
"421555";"Santa Helena";18;2014
"421560";"Santa Rosa de Lima";19;2014
"421565";"Santa Rosa do Sul";94;2014
"421567";"Santa Terezinha";90;2014
"421568";"Santa Terezinha do Progresso";34;2014
"421569";"Santiago do Sul";26;2014
"421570";"Santo Amaro da Imperatriz";290;2014
"421580";"São Bento do Sul";1185;2014
"421575";"São Bernardino";37;2014
"421590";"São Bonifácio";24;2014
"421600";"São Carlos";128;2014
"421605";"São Cristovão do Sul";79;2014
"421610";"São Domingos";117;2014
"421620";"São Francisco do Sul";641;2014
"421630";"São João Batista";430;2014
"421635";"São João do Itaperiú";42;2014
"421625";"São João do Oeste";55;2014
"421640";"São João do Sul";87;2014
"421650";"São Joaquim";369;2014
"421660";"São José";3166;2014
"421670";"São José do Cedro";173;2014
"421680";"São José do Cerrito";85;2014
"421690";"São Lourenço do Oeste";309;2014
"421700";"São Ludgero";157;2014
"421710";"São Martinho";37;2014
"421715";"São Miguel da Boa Vista";20;2014
"421720";"São Miguel do Oeste";530;2014
"421725";"São Pedro de Alcântara";36;2014
"421730";"Saudades";108;2014
"421740";"Schroeder";269;2014
"421750";"Seara";216;2014
"421755";"Serra Alta";29;2014
"421760";"Siderópolis";159;2014
"421770";"Sombrio";439;2014
"421775";"Sul Brasil";31;2014
"421780";"Taió";196;2014
"421790";"Tangará";95;2014
"421795";"Tigrinhos";17;2014
"421800";"Tijucas";564;2014
"421810";"Timbé do Sul";57;2014
"421820";"Timbó";505;2014
"421825";"Timbó Grande";101;2014
"421830";"Três Barras";321;2014
"421835";"Treviso";39;2014
"421840";"Treze de Maio";78;2014
"421850";"Treze Tílias";103;2014
"421860";"Trombudo Central";95;2014
"421870";"Tubarão";1324;2014
"421875";"Tunápolis";54;2014
"421880";"Turvo";151;2014
"421885";"União do Oeste";22;2014
"421890";"Urubici";140;2014
"421895";"Urupema";25;2014
"421900";"Urussanga";229;2014
"421910";"Vargeão";46;2014
"421915";"Vargem";34;2014
"421917";"Vargem Bonita";66;2014
"421920";"Vidal Ramos";68;2014
"421930";"Videira";733;2014
"421935";"Vitor Meireles";68;2014
"421940";"Witmarsum";61;2014
"421950";"Xanxerê";622;2014
"421960";"Xavantina";28;2014
"421970";"Xaxim";369;2014
"421985";"Zortéa";34;2014
"420000";"Município ignorado - SC";NA;2014
"420005";"Abdon Batista";27;2015
"420010";"Abelardo Luz";290;2015
"420020";"Agrolândia";166;2015
"420030";"Agronômica";53;2015
"420040";"Água Doce";103;2015
"420050";"Águas de Chapecó";77;2015
"420055";"Águas Frias";38;2015
"420060";"Águas Mornas";65;2015
"420070";"Alfredo Wagner";122;2015
"420075";"Alto Bela Vista";13;2015
"420080";"Anchieta";63;2015
"420090";"Angelina";47;2015
"420100";"Anita Garibaldi";97;2015
"420110";"Anitápolis";30;2015
"420120";"Antônio Carlos";123;2015
"420125";"Apiúna";127;2015
"420127";"Arabutã";44;2015
"420130";"Araquari";549;2015
"420140";"Araranguá";942;2015
"420150";"Armazém";124;2015
"420160";"Arroio Trinta";26;2015
"420165";"Arvoredo";25;2015
"420170";"Ascurra";99;2015
"420180";"Atalanta";48;2015
"420190";"Aurora";72;2015
"420195";"Balneário Arroio do Silva";166;2015
"420205";"Balneário Barra do Sul";134;2015
"420200";"Balneário Camboriú";1607;2015
"420207";"Balneário Gaivota";130;2015
"421280";"Balneário Piçarras";328;2015
"422000";"Balneário Rincão";180;2015
"420208";"Bandeirante";40;2015
"420209";"Barra Bonita";14;2015
"420210";"Barra Velha";475;2015
"420213";"Bela Vista do Toldo";53;2015
"420215";"Belmonte";26;2015
"420220";"Benedito Novo";119;2015
"420230";"Biguaçu";992;2015
"420240";"Blumenau";4511;2015
"420243";"Bocaina do Sul";59;2015
"420250";"Bom Jardim da Serra";45;2015
"420253";"Bom Jesus";36;2015
"420257";"Bom Jesus do Oeste";23;2015
"420260";"Bom Retiro";151;2015
"420245";"Bombinhas";277;2015
"420270";"Botuverá";65;2015
"420280";"Braço do Norte";495;2015
"420285";"Braço do Trombudo";47;2015
"420287";"Brunópolis";23;2015
"420290";"Brusque";1730;2015
"420300";"Caçador";1202;2015
"420310";"Caibi";71;2015
"420315";"Calmon";69;2015
"420320";"Camboriú";1322;2015
"420330";"Campo Alegre";141;2015
"420340";"Campo Belo do Sul";70;2015
"420350";"Campo Erê";163;2015
"420360";"Campos Novos";502;2015
"420370";"Canelinha";117;2015
"420380";"Canoinhas";882;2015
"420325";"Capão Alto";22;2015
"420390";"Capinzal";306;2015
"420395";"Capivari de Baixo";354;2015
"420400";"Catanduvas";134;2015
"420410";"Caxambu do Sul";70;2015
"420415";"Celso Ramos";35;2015
"420417";"Cerro Negro";49;2015
"420419";"Chapadão do Lageado";41;2015
"420420";"Chapecó";3449;2015
"420425";"Cocal do Sul";212;2015
"420430";"Concórdia";1055;2015
"420435";"Cordilheira Alta";41;2015
"420440";"Coronel Freitas";97;2015
"420445";"Coronel Martins";15;2015
"420455";"Correia Pinto";196;2015
"420450";"Corupá";215;2015
"420460";"Criciúma";2925;2015
"420470";"Cunha Porã";138;2015
"420475";"Cunhataí";24;2015
"420480";"Curitibanos";632;2015
"420490";"Descanso";94;2015
"420500";"Dionísio Cerqueira";251;2015
"420510";"Dona Emma";58;2015
"420515";"Doutor Pedrinho";28;2015
"420517";"Entre Rios";55;2015
"420519";"Ermo";27;2015
"420520";"Erval Velho";57;2015
"420530";"Faxinal dos Guedes";130;2015
"420535";"Flor do Sertão";16;2015
"420540";"Florianópolis";6135;2015
"420543";"Formosa do Sul";19;2015
"420545";"Forquilhinha";386;2015
"420550";"Fraiburgo";587;2015
"420555";"Frei Rogério";32;2015
"420560";"Galvão";36;2015
"420570";"Garopaba";258;2015
"420580";"Garuva";267;2015
"420590";"Gaspar";901;2015
"420600";"Governador Celso Ramos";159;2015
"420610";"Grão Pará";80;2015
"420620";"Gravatal";125;2015
"420630";"Guabiruba";250;2015
"420640";"Guaraciaba";112;2015
"420650";"Guaramirim";630;2015
"420660";"Guarujá do Sul";58;2015
"420665";"Guatambú";89;2015
"420670";"Herval d'Oeste";298;2015
"420675";"Ibiam";20;2015
"420680";"Ibicaré";39;2015
"420690";"Ibirama";240;2015
"420700";"Içara";795;2015
"420710";"Ilhota";197;2015
"420720";"Imaruí";109;2015
"420730";"Imbituba";523;2015
"420740";"Imbuia";100;2015
"420750";"Indaial";822;2015
"420757";"Iomerê";26;2015
"420760";"Ipira";40;2015
"420765";"Iporã do Oeste";89;2015
"420768";"Ipuaçu";188;2015
"420770";"Ipumirim";114;2015
"420775";"Iraceminha";41;2015
"420780";"Irani";148;2015
"420785";"Irati";22;2015
"420790";"Irineópolis";135;2015
"420800";"Itá";70;2015
"420810";"Itaiópolis";315;2015
"420820";"Itajaí";3571;2015
"420830";"Itapema";834;2015
"420840";"Itapiranga";219;2015
"420845";"Itapoá";290;2015
"420850";"Ituporanga";400;2015
"420860";"Jaborá";57;2015
"420870";"Jacinto Machado";94;2015
"420880";"Jaguaruna";234;2015
"420890";"Jaraguá do Sul";2519;2015
"420895";"Jardinópolis";15;2015
"420900";"Joaçaba";406;2015
"420910";"Joinville";8402;2015
"420915";"José Boiteux";108;2015
"420917";"Jupiá";20;2015
"420920";"Lacerdópolis";33;2015
"420930";"Lages";2428;2015
"420940";"Laguna";502;2015
"420945";"Lajeado Grande";21;2015
"420950";"Laurentino";106;2015
"420960";"Lauro Muller";201;2015
"420970";"Lebon Régis";185;2015
"420980";"Leoberto Leal";43;2015
"420985";"Lindóia do Sul";60;2015
"420990";"Lontras";147;2015
"421000";"Luiz Alves";158;2015
"421003";"Luzerna";74;2015
"421005";"Macieira";18;2015
"421010";"Mafra";777;2015
"421020";"Major Gercino";40;2015
"421030";"Major Vieira";97;2015
"421040";"Maracajá";107;2015
"421050";"Maravilha";373;2015
"421055";"Marema";26;2015
"421060";"Massaranduba";203;2015
"421070";"Matos Costa";29;2015
"421080";"Meleiro";72;2015
"421085";"Mirim Doce";28;2015
"421090";"Modelo";41;2015
"421100";"Mondaí";123;2015
"421105";"Monte Carlo";162;2015
"421110";"Monte Castelo";131;2015
"421120";"Morro da Fumaça";249;2015
"421125";"Morro Grande";34;2015
"421130";"Navegantes";1452;2015
"421140";"Nova Erechim";54;2015
"421145";"Nova Itaberaba";43;2015
"421150";"Nova Trento";174;2015
"421160";"Nova Veneza";194;2015
"421165";"Novo Horizonte";19;2015
"421170";"Orleans";275;2015
"421175";"Otacílio Costa";247;2015
"421180";"Ouro";62;2015
"421185";"Ouro Verde";24;2015
"421187";"Paial";20;2015
"421189";"Painel";34;2015
"421190";"Palhoça";2586;2015
"421200";"Palma Sola";116;2015
"421205";"Palmeira";26;2015
"421210";"Palmitos";164;2015
"421220";"Papanduva";286;2015
"421223";"Paraíso";53;2015
"421225";"Passo de Torres";88;2015
"421227";"Passos Maia";68;2015
"421230";"Paulo Lopes";122;2015
"421240";"Pedras Grandes";36;2015
"421250";"Penha";397;2015
"421260";"Peritiba";31;2015
"421265";"Pescaria Brava";96;2015
"421270";"Petrolândia";63;2015
"421290";"Pinhalzinho";269;2015
"421300";"Pinheiro Preto";44;2015
"421310";"Piratuba";59;2015
"421315";"Planalto Alegre";34;2015
"421320";"Pomerode";376;2015
"421330";"Ponte Alta";80;2015
"421335";"Ponte Alta do Norte";65;2015
"421340";"Ponte Serrada";160;2015
"421350";"Porto Belo";255;2015
"421360";"Porto União";475;2015
"421370";"Pouso Redondo";234;2015
"421380";"Praia Grande";95;2015
"421390";"Presidente Castello Branco";11;2015
"421400";"Presidente Getúlio";262;2015
"421410";"Presidente Nereu";26;2015
"421415";"Princesa";34;2015
"421420";"Quilombo";112;2015
"421430";"Rancho Queimado";30;2015
"421440";"Rio das Antas";75;2015
"421450";"Rio do Campo";85;2015
"421460";"Rio do Oeste";87;2015
"421480";"Rio do Sul";951;2015
"421470";"Rio dos Cedros";119;2015
"421490";"Rio Fortuna";75;2015
"421500";"Rio Negrinho";610;2015
"421505";"Rio Rufino";34;2015
"421507";"Riqueza";60;2015
"421510";"Rodeio";131;2015
"421520";"Romelândia";39;2015
"421530";"Salete";86;2015
"421535";"Saltinho";59;2015
"421540";"Salto Veloso";57;2015
"421545";"Sangão";197;2015
"421550";"Santa Cecília";308;2015
"421555";"Santa Helena";25;2015
"421560";"Santa Rosa de Lima";22;2015
"421565";"Santa Rosa do Sul";101;2015
"421567";"Santa Terezinha";95;2015
"421568";"Santa Terezinha do Progresso";32;2015
"421569";"Santiago do Sul";20;2015
"421570";"Santo Amaro da Imperatriz";311;2015
"421580";"São Bento do Sul";1154;2015
"421575";"São Bernardino";50;2015
"421590";"São Bonifácio";26;2015
"421600";"São Carlos";111;2015
"421605";"São Cristovão do Sul";74;2015
"421610";"São Domingos";130;2015
"421620";"São Francisco do Sul";666;2015
"421630";"São João Batista";465;2015
"421635";"São João do Itaperiú";64;2015
"421625";"São João do Oeste";67;2015
"421640";"São João do Sul";81;2015
"421650";"São Joaquim";368;2015
"421660";"São José";3344;2015
"421670";"São José do Cedro";175;2015
"421680";"São José do Cerrito";84;2015
"421690";"São Lourenço do Oeste";342;2015
"421700";"São Ludgero";184;2015
"421710";"São Martinho";36;2015
"421715";"São Miguel da Boa Vista";18;2015
"421720";"São Miguel do Oeste";572;2015
"421725";"São Pedro de Alcântara";37;2015
"421730";"Saudades";115;2015
"421740";"Schroeder";277;2015
"421750";"Seara";203;2015
"421755";"Serra Alta";28;2015
"421760";"Siderópolis";153;2015
"421770";"Sombrio";437;2015
"421775";"Sul Brasil";41;2015
"421780";"Taió";233;2015
"421790";"Tangará";87;2015
"421795";"Tigrinhos";29;2015
"421800";"Tijucas";604;2015
"421810";"Timbé do Sul";52;2015
"421820";"Timbó";470;2015
"421825";"Timbó Grande";127;2015
"421830";"Três Barras";321;2015
"421835";"Treviso";31;2015
"421840";"Treze de Maio";78;2015
"421850";"Treze Tílias";114;2015
"421860";"Trombudo Central";114;2015
"421870";"Tubarão";1325;2015
"421875";"Tunápolis";54;2015
"421880";"Turvo";155;2015
"421885";"União do Oeste";29;2015
"421890";"Urubici";115;2015
"421895";"Urupema";26;2015
"421900";"Urussanga";190;2015
"421910";"Vargeão";59;2015
"421915";"Vargem";33;2015
"421917";"Vargem Bonita";75;2015
"421920";"Vidal Ramos";81;2015
"421930";"Videira";817;2015
"421935";"Vitor Meireles";64;2015
"421940";"Witmarsum";50;2015
"421950";"Xanxerê";733;2015
"421960";"Xavantina";27;2015
"421970";"Xaxim";416;2015
"421985";"Zortéa";27;2015
"420000";"Município ignorado - SC";2;2015
"420005";"Abdon Batista";27;2016
"420010";"Abelardo Luz";314;2016
"420020";"Agrolândia";138;2016
"420030";"Agronômica";48;2016
"420040";"Água Doce";74;2016
"420050";"Águas de Chapecó";86;2016
"420055";"Águas Frias";23;2016
"420060";"Águas Mornas";77;2016
"420070";"Alfredo Wagner";110;2016
"420075";"Alto Bela Vista";21;2016
"420080";"Anchieta";64;2016
"420090";"Angelina";53;2016
"420100";"Anita Garibaldi";102;2016
"420110";"Anitápolis";18;2016
"420120";"Antônio Carlos";128;2016
"420125";"Apiúna";116;2016
"420127";"Arabutã";46;2016
"420130";"Araquari";549;2016
"420140";"Araranguá";895;2016
"420150";"Armazém";94;2016
"420160";"Arroio Trinta";40;2016
"420165";"Arvoredo";14;2016
"420170";"Ascurra";102;2016
"420180";"Atalanta";28;2016
"420190";"Aurora";63;2016
"420195";"Balneário Arroio do Silva";143;2016
"420205";"Balneário Barra do Sul";137;2016
"420200";"Balneário Camboriú";1601;2016
"420207";"Balneário Gaivota";139;2016
"421280";"Balneário Piçarras";354;2016
"422000";"Balneário Rincão";190;2016
"420208";"Bandeirante";40;2016
"420209";"Barra Bonita";14;2016
"420210";"Barra Velha";510;2016
"420213";"Bela Vista do Toldo";53;2016
"420215";"Belmonte";34;2016
"420220";"Benedito Novo";119;2016
"420230";"Biguaçu";952;2016
"420240";"Blumenau";4401;2016
"420243";"Bocaina do Sul";39;2016
"420250";"Bom Jardim da Serra";48;2016
"420253";"Bom Jesus";34;2016
"420257";"Bom Jesus do Oeste";21;2016
"420260";"Bom Retiro";131;2016
"420245";"Bombinhas";285;2016
"420270";"Botuverá";59;2016
"420280";"Braço do Norte";469;2016
"420285";"Braço do Trombudo";45;2016
"420287";"Brunópolis";32;2016
"420290";"Brusque";1731;2016
"420300";"Caçador";1216;2016
"420310";"Caibi";62;2016
"420315";"Calmon";58;2016
"420320";"Camboriú";1297;2016
"420330";"Campo Alegre";147;2016
"420340";"Campo Belo do Sul";89;2016
"420350";"Campo Erê";158;2016
"420360";"Campos Novos";550;2016
"420370";"Canelinha";121;2016
"420380";"Canoinhas";846;2016
"420325";"Capão Alto";27;2016
"420390";"Capinzal";318;2016
"420395";"Capivari de Baixo";338;2016
"420400";"Catanduvas";143;2016
"420410";"Caxambu do Sul";55;2016
"420415";"Celso Ramos";35;2016
"420417";"Cerro Negro";30;2016
"420419";"Chapadão do Lageado";49;2016
"420420";"Chapecó";3314;2016
"420425";"Cocal do Sul";195;2016
"420430";"Concórdia";1035;2016
"420435";"Cordilheira Alta";54;2016
"420440";"Coronel Freitas";114;2016
"420445";"Coronel Martins";30;2016
"420455";"Correia Pinto";214;2016
"420450";"Corupá";212;2016
"420460";"Criciúma";2841;2016
"420470";"Cunha Porã";131;2016
"420475";"Cunhataí";18;2016
"420480";"Curitibanos";659;2016
"420490";"Descanso";81;2016
"420500";"Dionísio Cerqueira";240;2016
"420510";"Dona Emma";52;2016
"420515";"Doutor Pedrinho";32;2016
"420517";"Entre Rios";50;2016
"420519";"Ermo";39;2016
"420520";"Erval Velho";48;2016
"420530";"Faxinal dos Guedes";146;2016
"420535";"Flor do Sertão";22;2016
"420540";"Florianópolis";6235;2016
"420543";"Formosa do Sul";24;2016
"420545";"Forquilhinha";409;2016
"420550";"Fraiburgo";570;2016
"420555";"Frei Rogério";26;2016
"420560";"Galvão";41;2016
"420570";"Garopaba";280;2016
"420580";"Garuva";263;2016
"420590";"Gaspar";829;2016
"420600";"Governador Celso Ramos";174;2016
"420610";"Grão Pará";73;2016
"420620";"Gravatal";143;2016
"420630";"Guabiruba";285;2016
"420640";"Guaraciaba";85;2016
"420650";"Guaramirim";572;2016
"420660";"Guarujá do Sul";57;2016
"420665";"Guatambú";97;2016
"420670";"Herval d'Oeste";309;2016
"420675";"Ibiam";23;2016
"420680";"Ibicaré";37;2016
"420690";"Ibirama";256;2016
"420700";"Içara";770;2016
"420710";"Ilhota";180;2016
"420720";"Imaruí";110;2016
"420730";"Imbituba";640;2016
"420740";"Imbuia";75;2016
"420750";"Indaial";864;2016
"420757";"Iomerê";28;2016
"420760";"Ipira";51;2016
"420765";"Iporã do Oeste";90;2016
"420768";"Ipuaçu";165;2016
"420770";"Ipumirim";72;2016
"420775";"Iraceminha";43;2016
"420780";"Irani";98;2016
"420785";"Irati";22;2016
"420790";"Irineópolis";116;2016
"420800";"Itá";60;2016
"420810";"Itaiópolis";312;2016
"420820";"Itajaí";3465;2016
"420830";"Itapema";828;2016
"420840";"Itapiranga";208;2016
"420845";"Itapoá";255;2016
"420850";"Ituporanga";373;2016
"420860";"Jaborá";48;2016
"420870";"Jacinto Machado";129;2016
"420880";"Jaguaruna";242;2016
"420890";"Jaraguá do Sul";2312;2016
"420895";"Jardinópolis";14;2016
"420900";"Joaçaba";379;2016
"420910";"Joinville";8030;2016
"420915";"José Boiteux";106;2016
"420917";"Jupiá";13;2016
"420920";"Lacerdópolis";26;2016
"420930";"Lages";2476;2016
"420940";"Laguna";421;2016
"420945";"Lajeado Grande";20;2016
"420950";"Laurentino";97;2016
"420960";"Lauro Muller";217;2016
"420970";"Lebon Régis";166;2016
"420980";"Leoberto Leal";39;2016
"420985";"Lindóia do Sul";48;2016
"420990";"Lontras";159;2016
"421000";"Luiz Alves";168;2016
"421003";"Luzerna";63;2016
"421005";"Macieira";26;2016
"421010";"Mafra";765;2016
"421020";"Major Gercino";25;2016
"421030";"Major Vieira";121;2016
"421040";"Maracajá";103;2016
"421050";"Maravilha";362;2016
"421055";"Marema";18;2016
"421060";"Massaranduba";202;2016
"421070";"Matos Costa";36;2016
"421080";"Meleiro";85;2016
"421085";"Mirim Doce";33;2016
"421090";"Modelo";37;2016
"421100";"Mondaí";126;2016
"421105";"Monte Carlo";161;2016
"421110";"Monte Castelo";131;2016
"421120";"Morro da Fumaça";244;2016
"421125";"Morro Grande";27;2016
"421130";"Navegantes";1448;2016
"421140";"Nova Erechim";51;2016
"421145";"Nova Itaberaba";31;2016
"421150";"Nova Trento";142;2016
"421160";"Nova Veneza";168;2016
"421165";"Novo Horizonte";24;2016
"421170";"Orleans";289;2016
"421175";"Otacílio Costa";296;2016
"421180";"Ouro";76;2016
"421185";"Ouro Verde";17;2016
"421187";"Paial";20;2016
"421189";"Painel";30;2016
"421190";"Palhoça";2568;2016
"421200";"Palma Sola";128;2016
"421205";"Palmeira";35;2016
"421210";"Palmitos";196;2016
"421220";"Papanduva";228;2016
"421223";"Paraíso";58;2016
"421225";"Passo de Torres";81;2016
"421227";"Passos Maia";54;2016
"421230";"Paulo Lopes";81;2016
"421240";"Pedras Grandes";41;2016
"421250";"Penha";375;2016
"421260";"Peritiba";13;2016
"421265";"Pescaria Brava";89;2016
"421270";"Petrolândia";63;2016
"421290";"Pinhalzinho";303;2016
"421300";"Pinheiro Preto";39;2016
"421310";"Piratuba";55;2016
"421315";"Planalto Alegre";20;2016
"421320";"Pomerode";392;2016
"421330";"Ponte Alta";56;2016
"421335";"Ponte Alta do Norte";66;2016
"421340";"Ponte Serrada";149;2016
"421350";"Porto Belo";274;2016
"421360";"Porto União";394;2016
"421370";"Pouso Redondo";236;2016
"421380";"Praia Grande";119;2016
"421390";"Presidente Castello Branco";14;2016
"421400";"Presidente Getúlio";232;2016
"421410";"Presidente Nereu";35;2016
"421415";"Princesa";33;2016
"421420";"Quilombo";137;2016
"421430";"Rancho Queimado";30;2016
"421440";"Rio das Antas";71;2016
"421450";"Rio do Campo";81;2016
"421460";"Rio do Oeste";84;2016
"421480";"Rio do Sul";926;2016
"421470";"Rio dos Cedros";104;2016
"421490";"Rio Fortuna";52;2016
"421500";"Rio Negrinho";615;2016
"421505";"Rio Rufino";35;2016
"421507";"Riqueza";41;2016
"421510";"Rodeio";120;2016
"421520";"Romelândia";46;2016
"421530";"Salete";98;2016
"421535";"Saltinho";40;2016
"421540";"Salto Veloso";56;2016
"421545";"Sangão";203;2016
"421550";"Santa Cecília";287;2016
"421555";"Santa Helena";19;2016
"421560";"Santa Rosa de Lima";28;2016
"421565";"Santa Rosa do Sul";122;2016
"421567";"Santa Terezinha";93;2016
"421568";"Santa Terezinha do Progresso";34;2016
"421569";"Santiago do Sul";19;2016
"421570";"Santo Amaro da Imperatriz";302;2016
"421580";"São Bento do Sul";1099;2016
"421575";"São Bernardino";39;2016
"421590";"São Bonifácio";29;2016
"421600";"São Carlos";120;2016
"421605";"São Cristovão do Sul";78;2016
"421610";"São Domingos";104;2016
"421620";"São Francisco do Sul";640;2016
"421630";"São João Batista";450;2016
"421635";"São João do Itaperiú";57;2016
"421625";"São João do Oeste";70;2016
"421640";"São João do Sul";87;2016
"421650";"São Joaquim";355;2016
"421660";"São José";3202;2016
"421670";"São José do Cedro";180;2016
"421680";"São José do Cerrito";101;2016
"421690";"São Lourenço do Oeste";301;2016
"421700";"São Ludgero";194;2016
"421710";"São Martinho";36;2016
"421715";"São Miguel da Boa Vista";18;2016
"421720";"São Miguel do Oeste";549;2016
"421725";"São Pedro de Alcântara";36;2016
"421730";"Saudades";127;2016
"421740";"Schroeder";283;2016
"421750";"Seara";213;2016
"421755";"Serra Alta";35;2016
"421760";"Siderópolis";146;2016
"421770";"Sombrio";440;2016
"421775";"Sul Brasil";39;2016
"421780";"Taió";229;2016
"421790";"Tangará";93;2016
"421795";"Tigrinhos";26;2016
"421800";"Tijucas";569;2016
"421810";"Timbé do Sul";61;2016
"421820";"Timbó";503;2016
"421825";"Timbó Grande";97;2016
"421830";"Três Barras";295;2016
"421835";"Treviso";35;2016
"421840";"Treze de Maio";83;2016
"421850";"Treze Tílias";129;2016
"421860";"Trombudo Central";90;2016
"421870";"Tubarão";1340;2016
"421875";"Tunápolis";46;2016
"421880";"Turvo";167;2016
"421885";"União do Oeste";27;2016
"421890";"Urubici";136;2016
"421895";"Urupema";41;2016
"421900";"Urussanga";189;2016
"421910";"Vargeão";45;2016
"421915";"Vargem";28;2016
"421917";"Vargem Bonita";78;2016
"421920";"Vidal Ramos";83;2016
"421930";"Videira";755;2016
"421935";"Vitor Meireles";72;2016
"421940";"Witmarsum";43;2016
"421950";"Xanxerê";681;2016
"421960";"Xavantina";19;2016
"421970";"Xaxim";452;2016
"421985";"Zortéa";45;2016
"420000";"Município ignorado - SC";1;2016
"420005";"Abdon Batista";41;2017
"420010";"Abelardo Luz";277;2017
"420020";"Agrolândia";159;2017
"420030";"Agronômica";68;2017
"420040";"Água Doce";106;2017
"420050";"Águas de Chapecó";54;2017
"420055";"Águas Frias";28;2017
"420060";"Águas Mornas";78;2017
"420070";"Alfredo Wagner";134;2017
"420075";"Alto Bela Vista";6;2017
"420080";"Anchieta";66;2017
"420090";"Angelina";54;2017
"420100";"Anita Garibaldi";83;2017
"420110";"Anitápolis";32;2017
"420120";"Antônio Carlos";125;2017
"420125";"Apiúna";145;2017
"420127";"Arabutã";55;2017
"420130";"Araquari";560;2017
"420140";"Araranguá";917;2017
"420150";"Armazém";132;2017
"420160";"Arroio Trinta";43;2017
"420165";"Arvoredo";32;2017
"420170";"Ascurra";84;2017
"420180";"Atalanta";51;2017
"420190";"Aurora";80;2017
"420195";"Balneário Arroio do Silva";162;2017
"420205";"Balneário Barra do Sul";146;2017
"420200";"Balneário Camboriú";1695;2017
"420207";"Balneário Gaivota";145;2017
"421280";"Balneário Piçarras";380;2017
"422000";"Balneário Rincão";195;2017
"420208";"Bandeirante";34;2017
"420209";"Barra Bonita";24;2017
"420210";"Barra Velha";515;2017
"420213";"Bela Vista do Toldo";69;2017
"420215";"Belmonte";41;2017
"420220";"Benedito Novo";102;2017
"420230";"Biguaçu";994;2017
"420240";"Blumenau";4510;2017
"420243";"Bocaina do Sul";50;2017
"420250";"Bom Jardim da Serra";51;2017
"420253";"Bom Jesus";30;2017
"420257";"Bom Jesus do Oeste";29;2017
"420260";"Bom Retiro";156;2017
"420245";"Bombinhas";292;2017
"420270";"Botuverá";54;2017
"420280";"Braço do Norte";498;2017
"420285";"Braço do Trombudo";44;2017
"420287";"Brunópolis";28;2017
"420290";"Brusque";1841;2017
"420300";"Caçador";1150;2017
"420310";"Caibi";69;2017
"420315";"Calmon";68;2017
"420320";"Camboriú";1418;2017
"420330";"Campo Alegre";146;2017
"420340";"Campo Belo do Sul";115;2017
"420350";"Campo Erê";140;2017
"420360";"Campos Novos";510;2017
"420370";"Canelinha";118;2017
"420380";"Canoinhas";793;2017
"420325";"Capão Alto";25;2017
"420390";"Capinzal";325;2017
"420395";"Capivari de Baixo";327;2017
"420400";"Catanduvas";187;2017
"420410";"Caxambu do Sul";57;2017
"420415";"Celso Ramos";31;2017
"420417";"Cerro Negro";36;2017
"420419";"Chapadão do Lageado";43;2017
"420420";"Chapecó";3516;2017
"420425";"Cocal do Sul";202;2017
"420430";"Concórdia";1130;2017
"420435";"Cordilheira Alta";67;2017
"420440";"Coronel Freitas";109;2017
"420445";"Coronel Martins";34;2017
"420455";"Correia Pinto";217;2017
"420450";"Corupá";182;2017
"420460";"Criciúma";2871;2017
"420470";"Cunha Porã";131;2017
"420475";"Cunhataí";17;2017
"420480";"Curitibanos";618;2017
"420490";"Descanso";101;2017
"420500";"Dionísio Cerqueira";211;2017
"420510";"Dona Emma";55;2017
"420515";"Doutor Pedrinho";31;2017
"420517";"Entre Rios";61;2017
"420519";"Ermo";41;2017
"420520";"Erval Velho";68;2017
"420530";"Faxinal dos Guedes";164;2017
"420535";"Flor do Sertão";15;2017
"420540";"Florianópolis";6355;2017
"420543";"Formosa do Sul";39;2017
"420545";"Forquilhinha";435;2017
"420550";"Fraiburgo";516;2017
"420555";"Frei Rogério";23;2017
"420560";"Galvão";51;2017
"420570";"Garopaba";317;2017
"420580";"Garuva";293;2017
"420590";"Gaspar";906;2017
"420600";"Governador Celso Ramos";176;2017
"420610";"Grão Pará";70;2017
"420620";"Gravatal";128;2017
"420630";"Guabiruba";302;2017
"420640";"Guaraciaba";123;2017
"420650";"Guaramirim";646;2017
"420660";"Guarujá do Sul";57;2017
"420665";"Guatambú";118;2017
"420670";"Herval d'Oeste";320;2017
"420675";"Ibiam";24;2017
"420680";"Ibicaré";28;2017
"420690";"Ibirama";243;2017
"420700";"Içara";747;2017
"420710";"Ilhota";168;2017
"420720";"Imaruí";111;2017
"420730";"Imbituba";657;2017
"420740";"Imbuia";81;2017
"420750";"Indaial";967;2017
"420757";"Iomerê";47;2017
"420760";"Ipira";49;2017
"420765";"Iporã do Oeste";108;2017
"420768";"Ipuaçu";179;2017
"420770";"Ipumirim";112;2017
"420775";"Iraceminha";49;2017
"420780";"Irani";117;2017
"420785";"Irati";28;2017
"420790";"Irineópolis";145;2017
"420800";"Itá";51;2017
"420810";"Itaiópolis";293;2017
"420820";"Itajaí";3599;2017
"420830";"Itapema";872;2017
"420840";"Itapiranga";210;2017
"420845";"Itapoá";264;2017
"420850";"Ituporanga";379;2017
"420860";"Jaborá";66;2017
"420870";"Jacinto Machado";127;2017
"420880";"Jaguaruna";253;2017
"420890";"Jaraguá do Sul";2421;2017
"420895";"Jardinópolis";26;2017
"420900";"Joaçaba";342;2017
"420910";"Joinville";8083;2017
"420915";"José Boiteux";102;2017
"420917";"Jupiá";29;2017
"420920";"Lacerdópolis";25;2017
"420930";"Lages";2491;2017
"420940";"Laguna";473;2017
"420945";"Lajeado Grande";26;2017
"420950";"Laurentino";101;2017
"420960";"Lauro Muller";166;2017
"420970";"Lebon Régis";146;2017
"420980";"Leoberto Leal";39;2017
"420985";"Lindóia do Sul";58;2017
"420990";"Lontras";166;2017
"421000";"Luiz Alves";178;2017
"421003";"Luzerna";61;2017
"421005";"Macieira";21;2017
"421010";"Mafra";843;2017
"421020";"Major Gercino";38;2017
"421030";"Major Vieira";82;2017
"421040";"Maracajá";90;2017
"421050";"Maravilha";360;2017
"421055";"Marema";17;2017
"421060";"Massaranduba";210;2017
"421070";"Matos Costa";31;2017
"421080";"Meleiro";82;2017
"421085";"Mirim Doce";22;2017
"421090";"Modelo";44;2017
"421100";"Mondaí";121;2017
"421105";"Monte Carlo";150;2017
"421110";"Monte Castelo";132;2017
"421120";"Morro da Fumaça";268;2017
"421125";"Morro Grande";49;2017
"421130";"Navegantes";1370;2017
"421140";"Nova Erechim";59;2017
"421145";"Nova Itaberaba";39;2017
"421150";"Nova Trento";147;2017
"421160";"Nova Veneza";160;2017
"421165";"Novo Horizonte";29;2017
"421170";"Orleans";310;2017
"421175";"Otacílio Costa";256;2017
"421180";"Ouro";90;2017
"421185";"Ouro Verde";26;2017
"421187";"Paial";24;2017
"421189";"Painel";19;2017
"421190";"Palhoça";2814;2017
"421200";"Palma Sola";97;2017
"421205";"Palmeira";20;2017
"421210";"Palmitos";189;2017
"421220";"Papanduva";252;2017
"421223";"Paraíso";54;2017
"421225";"Passo de Torres";105;2017
"421227";"Passos Maia";76;2017
"421230";"Paulo Lopes";106;2017
"421240";"Pedras Grandes";37;2017
"421250";"Penha";427;2017
"421260";"Peritiba";37;2017
"421265";"Pescaria Brava";90;2017
"421270";"Petrolândia";83;2017
"421290";"Pinhalzinho";310;2017
"421300";"Pinheiro Preto";37;2017
"421310";"Piratuba";79;2017
"421315";"Planalto Alegre";30;2017
"421320";"Pomerode";409;2017
"421330";"Ponte Alta";57;2017
"421335";"Ponte Alta do Norte";62;2017
"421340";"Ponte Serrada";172;2017
"421350";"Porto Belo";269;2017
"421360";"Porto União";389;2017
"421370";"Pouso Redondo";233;2017
"421380";"Praia Grande";98;2017
"421390";"Presidente Castello Branco";18;2017
"421400";"Presidente Getúlio";216;2017
"421410";"Presidente Nereu";23;2017
"421415";"Princesa";35;2017
"421420";"Quilombo";143;2017
"421430";"Rancho Queimado";33;2017
"421440";"Rio das Antas";75;2017
"421450";"Rio do Campo";94;2017
"421460";"Rio do Oeste";112;2017
"421480";"Rio do Sul";905;2017
"421470";"Rio dos Cedros";99;2017
"421490";"Rio Fortuna";77;2017
"421500";"Rio Negrinho";595;2017
"421505";"Rio Rufino";29;2017
"421507";"Riqueza";56;2017
"421510";"Rodeio";133;2017
"421520";"Romelândia";47;2017
"421530";"Salete";83;2017
"421535";"Saltinho";46;2017
"421540";"Salto Veloso";43;2017
"421545";"Sangão";211;2017
"421550";"Santa Cecília";303;2017
"421555";"Santa Helena";28;2017
"421560";"Santa Rosa de Lima";27;2017
"421565";"Santa Rosa do Sul";111;2017
"421567";"Santa Terezinha";86;2017
"421568";"Santa Terezinha do Progresso";41;2017
"421569";"Santiago do Sul";13;2017
"421570";"Santo Amaro da Imperatriz";332;2017
"421580";"São Bento do Sul";1087;2017
"421575";"São Bernardino";26;2017
"421590";"São Bonifácio";26;2017
"421600";"São Carlos";146;2017
"421605";"São Cristovão do Sul";76;2017
"421610";"São Domingos";116;2017
"421620";"São Francisco do Sul";701;2017
"421630";"São João Batista";463;2017
"421635";"São João do Itaperiú";46;2017
"421625";"São João do Oeste";64;2017
"421640";"São João do Sul";105;2017
"421650";"São Joaquim";361;2017
"421660";"São José";3367;2017
"421670";"São José do Cedro";173;2017
"421680";"São José do Cerrito";84;2017
"421690";"São Lourenço do Oeste";310;2017
"421700";"São Ludgero";199;2017
"421710";"São Martinho";46;2017
"421715";"São Miguel da Boa Vista";24;2017
"421720";"São Miguel do Oeste";573;2017
"421725";"São Pedro de Alcântara";38;2017
"421730";"Saudades";136;2017
"421740";"Schroeder";256;2017
"421750";"Seara";248;2017
"421755";"Serra Alta";38;2017
"421760";"Siderópolis";137;2017
"421770";"Sombrio";421;2017
"421775";"Sul Brasil";30;2017
"421780";"Taió";245;2017
"421790";"Tangará";84;2017
"421795";"Tigrinhos";29;2017
"421800";"Tijucas";669;2017
"421810";"Timbé do Sul";70;2017
"421820";"Timbó";505;2017
"421825";"Timbó Grande";111;2017
"421830";"Três Barras";285;2017
"421835";"Treviso";36;2017
"421840";"Treze de Maio";101;2017
"421850";"Treze Tílias";124;2017
"421860";"Trombudo Central";106;2017
"421870";"Tubarão";1411;2017
"421875";"Tunápolis";50;2017
"421880";"Turvo";175;2017
"421885";"União do Oeste";37;2017
"421890";"Urubici";141;2017
"421895";"Urupema";31;2017
"421900";"Urussanga";206;2017
"421910";"Vargeão";46;2017
"421915";"Vargem";45;2017
"421917";"Vargem Bonita";57;2017
"421920";"Vidal Ramos";85;2017
"421930";"Videira";745;2017
"421935";"Vitor Meireles";67;2017
"421940";"Witmarsum";52;2017
"421950";"Xanxerê";705;2017
"421960";"Xavantina";36;2017
"421970";"Xaxim";429;2017
"421985";"Zortéa";43;2017
"420000";"Município ignorado - SC";1;2017
"420005";"Abdon Batista";35;2018
"420010";"Abelardo Luz";299;2018
"420020";"Agrolândia";140;2018
"420030";"Agronômica";76;2018
"420040";"Água Doce";98;2018
"420050";"Águas de Chapecó";76;2018
"420055";"Águas Frias";40;2018
"420060";"Águas Mornas";78;2018
"420070";"Alfredo Wagner";118;2018
"420075";"Alto Bela Vista";18;2018
"420080";"Anchieta";64;2018
"420090";"Angelina";59;2018
"420100";"Anita Garibaldi";117;2018
"420110";"Anitápolis";38;2018
"420120";"Antônio Carlos";129;2018
"420125";"Apiúna";139;2018
"420127";"Arabutã";44;2018
"420130";"Araquari";588;2018
"420140";"Araranguá";910;2018
"420150";"Armazém";113;2018
"420160";"Arroio Trinta";31;2018
"420165";"Arvoredo";15;2018
"420170";"Ascurra";126;2018
"420180";"Atalanta";32;2018
"420190";"Aurora";89;2018
"420195";"Balneário Arroio do Silva";155;2018
"420205";"Balneário Barra do Sul";149;2018
"420200";"Balneário Camboriú";1635;2018
"420207";"Balneário Gaivota";161;2018
"421280";"Balneário Piçarras";369;2018
"422000";"Balneário Rincão";200;2018
"420208";"Bandeirante";41;2018
"420209";"Barra Bonita";10;2018
"420210";"Barra Velha";524;2018
"420213";"Bela Vista do Toldo";87;2018
"420215";"Belmonte";28;2018
"420220";"Benedito Novo";125;2018
"420230";"Biguaçu";958;2018
"420240";"Blumenau";4532;2018
"420243";"Bocaina do Sul";35;2018
"420250";"Bom Jardim da Serra";53;2018
"420253";"Bom Jesus";32;2018
"420257";"Bom Jesus do Oeste";21;2018
"420260";"Bom Retiro";120;2018
"420245";"Bombinhas";299;2018
"420270";"Botuverá";60;2018
"420280";"Braço do Norte";516;2018
"420285";"Braço do Trombudo";42;2018
"420287";"Brunópolis";37;2018
"420290";"Brusque";1923;2018
"420300";"Caçador";1230;2018
"420310";"Caibi";68;2018
"420315";"Calmon";64;2018
"420320";"Camboriú";1438;2018
"420330";"Campo Alegre";154;2018
"420340";"Campo Belo do Sul";95;2018
"420350";"Campo Erê";152;2018
"420360";"Campos Novos";578;2018
"420370";"Canelinha";149;2018
"420380";"Canoinhas";842;2018
"420325";"Capão Alto";30;2018
"420390";"Capinzal";333;2018
"420395";"Capivari de Baixo";310;2018
"420400";"Catanduvas";161;2018
"420410";"Caxambu do Sul";47;2018
"420415";"Celso Ramos";29;2018
"420417";"Cerro Negro";35;2018
"420419";"Chapadão do Lageado";35;2018
"420420";"Chapecó";3626;2018
"420425";"Cocal do Sul";212;2018
"420430";"Concórdia";1063;2018
"420435";"Cordilheira Alta";68;2018
"420440";"Coronel Freitas";119;2018
"420445";"Coronel Martins";20;2018
"420455";"Correia Pinto";229;2018
"420450";"Corupá";192;2018
"420460";"Criciúma";2839;2018
"420470";"Cunha Porã";123;2018
"420475";"Cunhataí";24;2018
"420480";"Curitibanos";687;2018
"420490";"Descanso";111;2018
"420500";"Dionísio Cerqueira";250;2018
"420510";"Dona Emma";61;2018
"420515";"Doutor Pedrinho";42;2018
"420517";"Entre Rios";55;2018
"420519";"Ermo";32;2018
"420520";"Erval Velho";56;2018
"420530";"Faxinal dos Guedes";165;2018
"420535";"Flor do Sertão";26;2018
"420540";"Florianópolis";6368;2018
"420543";"Formosa do Sul";40;2018
"420545";"Forquilhinha";454;2018
"420550";"Fraiburgo";538;2018
"420555";"Frei Rogério";25;2018
"420560";"Galvão";48;2018
"420570";"Garopaba";308;2018
"420580";"Garuva";305;2018
"420590";"Gaspar";935;2018
"420600";"Governador Celso Ramos";209;2018
"420610";"Grão Pará";85;2018
"420620";"Gravatal";141;2018
"420630";"Guabiruba";322;2018
"420640";"Guaraciaba";116;2018
"420650";"Guaramirim";598;2018
"420660";"Guarujá do Sul";59;2018
"420665";"Guatambú";108;2018
"420670";"Herval d'Oeste";335;2018
"420675";"Ibiam";16;2018
"420680";"Ibicaré";51;2018
"420690";"Ibirama";290;2018
"420700";"Içara";836;2018
"420710";"Ilhota";183;2018
"420720";"Imaruí";105;2018
"420730";"Imbituba";665;2018
"420740";"Imbuia";69;2018
"420750";"Indaial";901;2018
"420757";"Iomerê";19;2018
"420760";"Ipira";60;2018
"420765";"Iporã do Oeste";106;2018
"420768";"Ipuaçu";153;2018
"420770";"Ipumirim";86;2018
"420775";"Iraceminha";47;2018
"420780";"Irani";133;2018
"420785";"Irati";21;2018
"420790";"Irineópolis";138;2018
"420800";"Itá";55;2018
"420810";"Itaiópolis";280;2018
"420820";"Itajaí";3808;2018
"420830";"Itapema";890;2018
"420840";"Itapiranga";218;2018
"420845";"Itapoá";271;2018
"420850";"Ituporanga";423;2018
"420860";"Jaborá";50;2018
"420870";"Jacinto Machado";147;2018
"420880";"Jaguaruna";266;2018
"420890";"Jaraguá do Sul";2352;2018
"420895";"Jardinópolis";17;2018
"420900";"Joaçaba";370;2018
"420910";"Joinville";8177;2018
"420915";"José Boiteux";88;2018
"420917";"Jupiá";28;2018
"420920";"Lacerdópolis";22;2018
"420930";"Lages";2320;2018
"420940";"Laguna";440;2018
"420945";"Lajeado Grande";21;2018
"420950";"Laurentino";102;2018
"420960";"Lauro Muller";168;2018
"420970";"Lebon Régis";179;2018
"420980";"Leoberto Leal";32;2018
"420985";"Lindóia do Sul";44;2018
"420990";"Lontras";194;2018
"421000";"Luiz Alves";214;2018
"421003";"Luzerna";59;2018
"421005";"Macieira";20;2018
"421010";"Mafra";820;2018
"421020";"Major Gercino";51;2018
"421030";"Major Vieira";95;2018
"421040";"Maracajá";106;2018
"421050";"Maravilha";403;2018
"421055";"Marema";16;2018
"421060";"Massaranduba";228;2018
"421070";"Matos Costa";41;2018
"421080";"Meleiro";91;2018
"421085";"Mirim Doce";27;2018
"421090";"Modelo";44;2018
"421100";"Mondaí";122;2018
"421105";"Monte Carlo";155;2018
"421110";"Monte Castelo";129;2018
"421120";"Morro da Fumaça";233;2018
"421125";"Morro Grande";39;2018
"421130";"Navegantes";1446;2018
"421140";"Nova Erechim";46;2018
"421145";"Nova Itaberaba";53;2018
"421150";"Nova Trento";190;2018
"421160";"Nova Veneza";175;2018
"421165";"Novo Horizonte";25;2018
"421170";"Orleans";291;2018
"421175";"Otacílio Costa";264;2018
"421180";"Ouro";73;2018
"421185";"Ouro Verde";28;2018
"421187";"Paial";25;2018
"421189";"Painel";26;2018
"421190";"Palhoça";2882;2018
"421200";"Palma Sola";99;2018
"421205";"Palmeira";28;2018
"421210";"Palmitos";179;2018
"421220";"Papanduva";258;2018
"421223";"Paraíso";47;2018
"421225";"Passo de Torres";89;2018
"421227";"Passos Maia";62;2018
"421230";"Paulo Lopes";98;2018
"421240";"Pedras Grandes";38;2018
"421250";"Penha";459;2018
"421260";"Peritiba";32;2018
"421265";"Pescaria Brava";99;2018
"421270";"Petrolândia";69;2018
"421290";"Pinhalzinho";329;2018
"421300";"Pinheiro Preto";52;2018
"421310";"Piratuba";74;2018
"421315";"Planalto Alegre";31;2018
"421320";"Pomerode";430;2018
"421330";"Ponte Alta";63;2018
"421335";"Ponte Alta do Norte";71;2018
"421340";"Ponte Serrada";177;2018
"421350";"Porto Belo";271;2018
"421360";"Porto União";425;2018
"421370";"Pouso Redondo";248;2018
"421380";"Praia Grande";96;2018
"421390";"Presidente Castello Branco";22;2018
"421400";"Presidente Getúlio";240;2018
"421410";"Presidente Nereu";20;2018
"421415";"Princesa";36;2018
"421420";"Quilombo";147;2018
"421430";"Rancho Queimado";27;2018
"421440";"Rio das Antas";75;2018
"421450";"Rio do Campo";87;2018
"421460";"Rio do Oeste";75;2018
"421480";"Rio do Sul";924;2018
"421470";"Rio dos Cedros";127;2018
"421490";"Rio Fortuna";61;2018
"421500";"Rio Negrinho";580;2018
"421505";"Rio Rufino";27;2018
"421507";"Riqueza";57;2018
"421510";"Rodeio";133;2018
"421520";"Romelândia";43;2018
"421530";"Salete";97;2018
"421535";"Saltinho";30;2018
"421540";"Salto Veloso";52;2018
"421545";"Sangão";173;2018
"421550";"Santa Cecília";321;2018
"421555";"Santa Helena";34;2018
"421560";"Santa Rosa de Lima";14;2018
"421565";"Santa Rosa do Sul";132;2018
"421567";"Santa Terezinha";99;2018
"421568";"Santa Terezinha do Progresso";44;2018
"421569";"Santiago do Sul";16;2018
"421570";"Santo Amaro da Imperatriz";338;2018
"421580";"São Bento do Sul";1081;2018
"421575";"São Bernardino";45;2018
"421590";"São Bonifácio";17;2018
"421600";"São Carlos";134;2018
"421605";"São Cristovão do Sul";87;2018
"421610";"São Domingos";120;2018
"421620";"São Francisco do Sul";661;2018
"421630";"São João Batista";511;2018
"421635";"São João do Itaperiú";57;2018
"421625";"São João do Oeste";57;2018
"421640";"São João do Sul";90;2018
"421650";"São Joaquim";389;2018
"421660";"São José";3364;2018
"421670";"São José do Cedro";190;2018
"421680";"São José do Cerrito";90;2018
"421690";"São Lourenço do Oeste";345;2018
"421700";"São Ludgero";178;2018
"421710";"São Martinho";38;2018
"421715";"São Miguel da Boa Vista";16;2018
"421720";"São Miguel do Oeste";565;2018
"421725";"São Pedro de Alcântara";33;2018
"421730";"Saudades";135;2018
"421740";"Schroeder";268;2018
"421750";"Seara";245;2018
"421755";"Serra Alta";34;2018
"421760";"Siderópolis";150;2018
"421770";"Sombrio";429;2018
"421775";"Sul Brasil";32;2018
"421780";"Taió";273;2018
"421790";"Tangará";66;2018
"421795";"Tigrinhos";36;2018
"421800";"Tijucas";617;2018
"421810";"Timbé do Sul";57;2018
"421820";"Timbó";490;2018
"421825";"Timbó Grande";121;2018
"421830";"Três Barras";362;2018
"421835";"Treviso";38;2018
"421840";"Treze de Maio";91;2018
"421850";"Treze Tílias";103;2018
"421860";"Trombudo Central";81;2018
"421870";"Tubarão";1364;2018
"421875";"Tunápolis";50;2018
"421880";"Turvo";161;2018
"421885";"União do Oeste";30;2018
"421890";"Urubici";134;2018
"421895";"Urupema";35;2018
"421900";"Urussanga";222;2018
"421910";"Vargeão";38;2018
"421915";"Vargem";25;2018
"421917";"Vargem Bonita";68;2018
"421920";"Vidal Ramos";75;2018
"421930";"Videira";776;2018
"421935";"Vitor Meireles";86;2018
"421940";"Witmarsum";49;2018
"421950";"Xanxerê";731;2018
"421960";"Xavantina";34;2018
"421970";"Xaxim";543;2018
"421985";"Zortéa";51;2018
"420000";"Município ignorado - SC";NA;2018
"420005";"Abdon Batista";25;2019
"420010";"Abelardo Luz";285;2019
"420020";"Agrolândia";124;2019
"420030";"Agronômica";70;2019
"420040";"Água Doce";112;2019
"420050";"Águas de Chapecó";92;2019
"420055";"Águas Frias";33;2019
"420060";"Águas Mornas";74;2019
"420070";"Alfredo Wagner";99;2019
"420075";"Alto Bela Vista";21;2019
"420080";"Anchieta";58;2019
"420090";"Angelina";64;2019
"420100";"Anita Garibaldi";96;2019
"420110";"Anitápolis";35;2019
"420120";"Antônio Carlos";130;2019
"420125";"Apiúna";127;2019
"420127";"Arabutã";54;2019
"420130";"Araquari";572;2019
"420140";"Araranguá";1004;2019
"420150";"Armazém";117;2019
"420160";"Arroio Trinta";41;2019
"420165";"Arvoredo";23;2019
"420170";"Ascurra";100;2019
"420180";"Atalanta";44;2019
"420190";"Aurora";84;2019
"420195";"Balneário Arroio do Silva";166;2019
"420205";"Balneário Barra do Sul";142;2019
"420200";"Balneário Camboriú";1595;2019
"420207";"Balneário Gaivota";151;2019
"421280";"Balneário Piçarras";354;2019
"422000";"Balneário Rincão";194;2019
"420208";"Bandeirante";44;2019
"420209";"Barra Bonita";20;2019
"420210";"Barra Velha";506;2019
"420213";"Bela Vista do Toldo";65;2019
"420215";"Belmonte";33;2019
"420220";"Benedito Novo";97;2019
"420230";"Biguaçu";965;2019
"420240";"Blumenau";4411;2019
"420243";"Bocaina do Sul";33;2019
"420250";"Bom Jardim da Serra";35;2019
"420253";"Bom Jesus";36;2019
"420257";"Bom Jesus do Oeste";22;2019
"420260";"Bom Retiro";124;2019
"420245";"Bombinhas";302;2019
"420270";"Botuverá";72;2019
"420280";"Braço do Norte";573;2019
"420285";"Braço do Trombudo";44;2019
"420287";"Brunópolis";32;2019
"420290";"Brusque";1960;2019
"420300";"Caçador";1161;2019
"420310";"Caibi";89;2019
"420315";"Calmon";63;2019
"420320";"Camboriú";1453;2019
"420330";"Campo Alegre";153;2019
"420340";"Campo Belo do Sul";79;2019
"420350";"Campo Erê";144;2019
"420360";"Campos Novos";556;2019
"420370";"Canelinha";160;2019
"420380";"Canoinhas";814;2019
"420325";"Capão Alto";36;2019
"420390";"Capinzal";309;2019
"420395";"Capivari de Baixo";347;2019
"420400";"Catanduvas";187;2019
"420410";"Caxambu do Sul";64;2019
"420415";"Celso Ramos";30;2019
"420417";"Cerro Negro";40;2019
"420419";"Chapadão do Lageado";44;2019
"420420";"Chapecó";3657;2019
"420425";"Cocal do Sul";193;2019
"420430";"Concórdia";1111;2019
"420435";"Cordilheira Alta";61;2019
"420440";"Coronel Freitas";137;2019
"420445";"Coronel Martins";17;2019
"420455";"Correia Pinto";237;2019
"420450";"Corupá";177;2019
"420460";"Criciúma";2728;2019
"420470";"Cunha Porã";130;2019
"420475";"Cunhataí";27;2019
"420480";"Curitibanos";646;2019
"420490";"Descanso";96;2019
"420500";"Dionísio Cerqueira";240;2019
"420510";"Dona Emma";65;2019
"420515";"Doutor Pedrinho";39;2019
"420517";"Entre Rios";58;2019
"420519";"Ermo";34;2019
"420520";"Erval Velho";66;2019
"420530";"Faxinal dos Guedes";161;2019
"420535";"Flor do Sertão";23;2019
"420540";"Florianópolis";6134;2019
"420543";"Formosa do Sul";25;2019
"420545";"Forquilhinha";446;2019
"420550";"Fraiburgo";521;2019
"420555";"Frei Rogério";22;2019
"420560";"Galvão";32;2019
"420570";"Garopaba";320;2019
"420580";"Garuva";281;2019
"420590";"Gaspar";995;2019
"420600";"Governador Celso Ramos";162;2019
"420610";"Grão Pará";84;2019
"420620";"Gravatal";140;2019
"420630";"Guabiruba";335;2019
"420640";"Guaraciaba";138;2019
"420650";"Guaramirim";602;2019
"420660";"Guarujá do Sul";62;2019
"420665";"Guatambú";106;2019
"420670";"Herval d'Oeste";322;2019
"420675";"Ibiam";15;2019
"420680";"Ibicaré";26;2019
"420690";"Ibirama";226;2019
"420700";"Içara";755;2019
"420710";"Ilhota";194;2019
"420720";"Imaruí";106;2019
"420730";"Imbituba";640;2019
"420740";"Imbuia";97;2019
"420750";"Indaial";910;2019
"420757";"Iomerê";43;2019
"420760";"Ipira";52;2019
"420765";"Iporã do Oeste";120;2019
"420768";"Ipuaçu";130;2019
"420770";"Ipumirim";96;2019
"420775";"Iraceminha";37;2019
"420780";"Irani";154;2019
"420785";"Irati";32;2019
"420790";"Irineópolis";143;2019
"420800";"Itá";88;2019
"420810";"Itaiópolis";296;2019
"420820";"Itajaí";3667;2019
"420830";"Itapema";926;2019
"420840";"Itapiranga";220;2019
"420845";"Itapoá";293;2019
"420850";"Ituporanga";424;2019
"420860";"Jaborá";57;2019
"420870";"Jacinto Machado";130;2019
"420880";"Jaguaruna";260;2019
"420890";"Jaraguá do Sul";2311;2019
"420895";"Jardinópolis";23;2019
"420900";"Joaçaba";353;2019
"420910";"Joinville";7815;2019
"420915";"José Boiteux";99;2019
"420917";"Jupiá";34;2019
"420920";"Lacerdópolis";27;2019
"420930";"Lages";2287;2019
"420940";"Laguna";453;2019
"420945";"Lajeado Grande";26;2019
"420950";"Laurentino";99;2019
"420960";"Lauro Muller";170;2019
"420970";"Lebon Régis";161;2019
"420980";"Leoberto Leal";37;2019
"420985";"Lindóia do Sul";58;2019
"420990";"Lontras";154;2019
"421000";"Luiz Alves";198;2019
"421003";"Luzerna";60;2019
"421005";"Macieira";24;2019
"421010";"Mafra";754;2019
"421020";"Major Gercino";30;2019
"421030";"Major Vieira";101;2019
"421040";"Maracajá";105;2019
"421050";"Maravilha";371;2019
"421055";"Marema";26;2019
"421060";"Massaranduba";215;2019
"421070";"Matos Costa";38;2019
"421080";"Meleiro";79;2019
"421085";"Mirim Doce";36;2019
"421090";"Modelo";49;2019
"421100";"Mondaí";120;2019
"421105";"Monte Carlo";142;2019
"421110";"Monte Castelo";131;2019
"421120";"Morro da Fumaça";217;2019
"421125";"Morro Grande";37;2019
"421130";"Navegantes";1435;2019
"421140";"Nova Erechim";74;2019
"421145";"Nova Itaberaba";58;2019
"421150";"Nova Trento";194;2019
"421160";"Nova Veneza";160;2019
"421165";"Novo Horizonte";24;2019
"421170";"Orleans";322;2019
"421175";"Otacílio Costa";234;2019
"421180";"Ouro";71;2019
"421185";"Ouro Verde";24;2019
"421187";"Paial";28;2019
"421189";"Painel";31;2019
"421190";"Palhoça";2784;2019
"421200";"Palma Sola";118;2019
"421205";"Palmeira";23;2019
"421210";"Palmitos";173;2019
"421220";"Papanduva";249;2019
"421223";"Paraíso";41;2019
"421225";"Passo de Torres";90;2019
"421227";"Passos Maia";66;2019
"421230";"Paulo Lopes";98;2019
"421240";"Pedras Grandes";40;2019
"421250";"Penha";433;2019
"421260";"Peritiba";34;2019
"421265";"Pescaria Brava";119;2019
"421270";"Petrolândia";87;2019
"421290";"Pinhalzinho";318;2019
"421300";"Pinheiro Preto";46;2019
"421310";"Piratuba";51;2019
"421315";"Planalto Alegre";51;2019
"421320";"Pomerode";392;2019
"421330";"Ponte Alta";63;2019
"421335";"Ponte Alta do Norte";57;2019
"421340";"Ponte Serrada";148;2019
"421350";"Porto Belo";337;2019
"421360";"Porto União";423;2019
"421370";"Pouso Redondo";238;2019
"421380";"Praia Grande";101;2019
"421390";"Presidente Castello Branco";16;2019
"421400";"Presidente Getúlio";273;2019
"421410";"Presidente Nereu";27;2019
"421415";"Princesa";42;2019
"421420";"Quilombo";127;2019
"421430";"Rancho Queimado";44;2019
"421440";"Rio das Antas";69;2019
"421450";"Rio do Campo";84;2019
"421460";"Rio do Oeste";107;2019
"421480";"Rio do Sul";931;2019
"421470";"Rio dos Cedros";109;2019
"421490";"Rio Fortuna";56;2019
"421500";"Rio Negrinho";540;2019
"421505";"Rio Rufino";41;2019
"421507";"Riqueza";52;2019
"421510";"Rodeio";128;2019
"421520";"Romelândia";50;2019
"421530";"Salete";104;2019
"421535";"Saltinho";43;2019
"421540";"Salto Veloso";55;2019
"421545";"Sangão";192;2019
"421550";"Santa Cecília";297;2019
"421555";"Santa Helena";25;2019
"421560";"Santa Rosa de Lima";22;2019
"421565";"Santa Rosa do Sul";113;2019
"421567";"Santa Terezinha";90;2019
"421568";"Santa Terezinha do Progresso";21;2019
"421569";"Santiago do Sul";18;2019
"421570";"Santo Amaro da Imperatriz";320;2019
"421580";"São Bento do Sul";1041;2019
"421575";"São Bernardino";38;2019
"421590";"São Bonifácio";24;2019
"421600";"São Carlos";150;2019
"421605";"São Cristovão do Sul";82;2019
"421610";"São Domingos";131;2019
"421620";"São Francisco do Sul";696;2019
"421630";"São João Batista";465;2019
"421635";"São João do Itaperiú";62;2019
"421625";"São João do Oeste";55;2019
"421640";"São João do Sul";91;2019
"421650";"São Joaquim";389;2019
"421660";"São José";3269;2019
"421670";"São José do Cedro";176;2019
"421680";"São José do Cerrito";73;2019
"421690";"São Lourenço do Oeste";354;2019
"421700";"São Ludgero";142;2019
"421710";"São Martinho";49;2019
"421715";"São Miguel da Boa Vista";17;2019
"421720";"São Miguel do Oeste";570;2019
"421725";"São Pedro de Alcântara";43;2019
"421730";"Saudades";110;2019
"421740";"Schroeder";271;2019
"421750";"Seara";245;2019
"421755";"Serra Alta";36;2019
"421760";"Siderópolis";144;2019
"421770";"Sombrio";423;2019
"421775";"Sul Brasil";24;2019
"421780";"Taió";224;2019
"421790";"Tangará";85;2019
"421795";"Tigrinhos";41;2019
"421800";"Tijucas";698;2019
"421810";"Timbé do Sul";67;2019
"421820";"Timbó";490;2019
"421825";"Timbó Grande";121;2019
"421830";"Três Barras";323;2019
"421835";"Treviso";49;2019
"421840";"Treze de Maio";105;2019
"421850";"Treze Tílias";122;2019
"421860";"Trombudo Central";80;2019
"421870";"Tubarão";1368;2019
"421875";"Tunápolis";68;2019
"421880";"Turvo";174;2019
"421885";"União do Oeste";34;2019
"421890";"Urubici";137;2019
"421895";"Urupema";38;2019
"421900";"Urussanga";204;2019
"421910";"Vargeão";69;2019
"421915";"Vargem";34;2019
"421917";"Vargem Bonita";61;2019
"421920";"Vidal Ramos";94;2019
"421930";"Videira";771;2019
"421935";"Vitor Meireles";81;2019
"421940";"Witmarsum";47;2019
"421950";"Xanxerê";684;2019
"421960";"Xavantina";25;2019
"421970";"Xaxim";472;2019
"421985";"Zortéa";66;2019
"420000";"Município ignorado - SC";3;2019
